PrintPol,GlycType,DP,Valency,GlycSpace,PolSpace,GlycDen,MVF,Status,Experiment,Self-model,Cross-model
1.0,2-6 SiaLac,150.0,44.0,0.29,0.431,18.759,6.876699184391492,Conserved,Binder,Binder,Binder
1.0,2-6 SiaLac,150.0,44.0,0.29,0.422,18.355,7.790792699536911,Conserved,Binder,Binder,Binder
1.0,2-6 SiaLac,150.0,44.0,0.29,0.427,18.579,7.858334678938586,Conserved,Binder,Binder,Binder
1.0,2-6 SiaLac,150.0,44.0,0.29,0.434,18.893,7.621870534060234,Conserved,Binder,Binder,Binder
1.0,2-6 SiaLac,150.0,44.0,0.29,0.437,19.028,6.5692663443346655,Conserved,Binder,Binder,Binder
1.0,2-6 SiaLac,150.0,44.0,0.29,0.389,16.901,8.342701615289036,Conserved,Binder,Binder,Binder
1.0,2-6 SiaLac,150.0,60.0,0.4,0.352,21.106,2.700653842509239,Conserved,Binder,Binder,Binder
1.0,2-6 SiaLac,150.0,60.0,0.4,0.382,22.901,2.969302650539278,Conserved,Binder,Binder,Binder
1.0,2-6 SiaLac,150.0,60.0,0.4,0.385,23.116,2.5090846167156946,Conserved,Binder,Binder,Binder
1.0,2-6 SiaLac,150.0,60.0,0.4,0.376,22.542,2.7504214355425427,Conserved,Binder,Binder,Binder
1.0,2-6 SiaLac,150.0,60.0,0.4,0.354,21.236,3.296289320022603,Conserved,Binder,Binder,Binder
1.0,2-6 SiaLac,150.0,60.0,0.4,0.344,20.636,3.1498352393874782,Conserved,Binder,Binder,Binder
1.0,2-6 SiaLac,200.0,78.0,0.39,0.449,35.012,3.7415743173768994,Conserved,Binder,Binder,Binder
1.0,2-6 SiaLac,200.0,78.0,0.39,0.411,32.021,3.653852159520315,Conserved,Binder,Binder,Binder
1.0,2-6 SiaLac,200.0,78.0,0.39,0.423,32.961,2.7608385667910564,Conserved,Binder,Binder,Binder
1.0,2-6 SiaLac,200.0,78.0,0.39,0.461,35.964,3.8927816705594487,Conserved,Binder,Binder,Binder
1.0,2-6 SiaLac,200.0,78.0,0.39,0.471,36.737,3.5658872526335843,Conserved,Binder,Binder,Binder
1.0,2-6 SiaLac,200.0,78.0,0.39,0.422,32.906,4.1329848659818875,Conserved,Binder,Binder,Binder
1.0,2-6 SiaLac,200.0,98.0,0.49,0.418,40.975,3.6363636363636362,Conserved,Binder,Binder,Binder
1.0,2-6 SiaLac,200.0,98.0,0.49,0.39,38.193,3.9012384468358077,Conserved,Binder,Binder,Binder
1.0,2-6 SiaLac,200.0,98.0,0.49,0.434,42.495,3.8592775620661257,Conserved,Binder,Binder,Binder
1.0,2-6 SiaLac,200.0,98.0,0.49,0.429,42.021,4.378762999452655,Conserved,Binder,Binder,Binder
1.0,2-6 SiaLac,200.0,98.0,0.49,0.418,40.996,4.439457508049566,Conserved,Binder,Binder,Binder
1.0,2-6 SiaLac,200.0,98.0,0.49,0.394,38.564,4.563841925111503,Conserved,Binder,Binder,Binder
1.0,2-6 SiaLac,300.0,105.0,0.35,0.469,49.297,3.93533075034992,Conserved,Binder,Binder,Binder
1.0,2-6 SiaLac,300.0,105.0,0.35,0.471,49.455,4.751794560711758,Conserved,Binder,Binder,Binder
1.0,2-6 SiaLac,300.0,105.0,0.35,0.469,49.218,4.510544922589296,Conserved,Binder,Binder,Binder
1.0,2-6 SiaLac,300.0,105.0,0.35,0.465,48.823,4.7723409049013785,Conserved,Binder,Binder,Binder
1.0,2-6 SiaLac,300.0,105.0,0.35,0.474,49.771,4.64125695686243,Conserved,Binder,Binder,Binder
1.0,2-6 SiaLac,300.0,105.0,0.35,0.457,48.033,4.954926821143797,Conserved,Binder,Binder,Binder
1.0,2-6 SiaLac,300.0,141.0,0.47,0.354,49.861,4.71310242474078,Gained in MDCK,Binder,Binder,Non-binder
1.0,2-6 SiaLac,300.0,141.0,0.47,0.328,46.265,5.446882092294391,Gained in MDCK,Binder,Binder,Non-binder
1.0,2-6 SiaLac,300.0,141.0,0.47,0.325,45.772,5.177837979550818,Gained in MDCK,Binder,Binder,Non-binder
1.0,2-6 SiaLac,300.0,141.0,0.47,0.348,49.119,5.150756326472444,Gained in MDCK,Binder,Binder,Non-binder
1.0,2-6 SiaLac,300.0,141.0,0.47,0.404,56.969,4.353244747143183,Gained in MDCK,Binder,Binder,Non-binder
1.0,2-6 SiaLac,300.0,141.0,0.47,0.327,46.166,5.111987176710134,Gained in MDCK,Binder,Binder,Non-binder
5.0,2-6 SiaLac,150.0,44.0,0.29,1.801,78.355,3.34375598238785,Gained in MDCK,Binder,Binder,Non-binder
5.0,2-6 SiaLac,150.0,44.0,0.29,1.787,77.727,3.3064443500971348,Gained in MDCK,Binder,Binder,Non-binder
5.0,2-6 SiaLac,150.0,44.0,0.29,1.643,71.455,4.310405150094465,Gained in MDCK,Binder,Binder,Non-binder
5.0,2-6 SiaLac,150.0,44.0,0.29,1.719,74.765,3.8119440914866582,Gained in MDCK,Binder,Binder,Non-binder
5.0,2-6 SiaLac,150.0,44.0,0.29,1.599,69.572,3.607773242108894,Gained in MDCK,Binder,Binder,Non-binder
5.0,2-6 SiaLac,150.0,44.0,0.29,1.613,70.158,3.591892585307449,Gained in MDCK,Binder,Binder,Non-binder
5.0,2-6 SiaLac,150.0,60.0,0.4,1.664,99.858,1.6723747721764906,Gained in MDCK,Binder,Binder,Non-binder
5.0,2-6 SiaLac,150.0,60.0,0.4,1.651,99.068,1.6352404409092745,Gained in MDCK,Binder,Binder,Non-binder
5.0,2-6 SiaLac,150.0,60.0,0.4,1.634,98.063,1.9477274813130334,Gained in MDCK,Binder,Binder,Non-binder
5.0,2-6 SiaLac,150.0,60.0,0.4,1.618,97.058,1.8545611902161592,Gained in MDCK,Binder,Binder,Non-binder
5.0,2-6 SiaLac,150.0,60.0,0.4,1.649,98.924,2.729367999676519,Gained in MDCK,Binder,Binder,Non-binder
5.0,2-6 SiaLac,150.0,60.0,0.4,1.358,81.459,3.093580819798917,Gained in MDCK,Binder,Binder,Non-binder
5.0,2-6 SiaLac,200.0,78.0,0.39,1.947,151.847,1.5805383050043793,Others,Binder,Non-binder,Non-binder
5.0,2-6 SiaLac,200.0,78.0,0.39,1.929,150.427,1.7084698890491734,Others,Binder,Non-binder,Non-binder
5.0,2-6 SiaLac,200.0,78.0,0.39,2.058,160.527,1.9186803466083588,Others,Binder,Non-binder,Non-binder
5.0,2-6 SiaLac,200.0,78.0,0.39,1.921,149.874,2.2418831818727734,Others,Binder,Non-binder,Non-binder
5.0,2-6 SiaLac,200.0,78.0,0.39,2.084,162.569,1.8207653365647818,Others,Binder,Non-binder,Non-binder
5.0,2-6 SiaLac,200.0,78.0,0.39,1.977,154.169,2.0172667656921948,Others,Binder,Non-binder,Non-binder
5.0,2-6 SiaLac,200.0,98.0,0.49,2.07,202.909,1.611559861809974,Others,Binder,Non-binder,Non-binder
5.0,2-6 SiaLac,200.0,98.0,0.49,2.097,205.549,1.7465421870210995,Others,Binder,Non-binder,Non-binder
5.0,2-6 SiaLac,200.0,98.0,0.49,2.164,212.05,1.480782834237208,Others,Binder,Non-binder,Non-binder
5.0,2-6 SiaLac,200.0,98.0,0.49,2.126,208.389,1.7515319906520976,Others,Binder,Non-binder,Non-binder
5.0,2-6 SiaLac,200.0,98.0,0.49,2.234,218.95,1.6944507878511077,Others,Binder,Non-binder,Non-binder
5.0,2-6 SiaLac,200.0,98.0,0.49,2.191,214.74,1.899972059234423,Others,Binder,Non-binder,Non-binder
5.0,2-6 SiaLac,300.0,105.0,0.35,2.188,229.737,1.8238246342556925,Others,Binder,Non-binder,Non-binder
5.0,2-6 SiaLac,300.0,105.0,0.35,2.471,259.421,1.657537362048562,Others,Binder,Non-binder,Non-binder
5.0,2-6 SiaLac,300.0,105.0,0.35,2.312,242.772,1.6558746478177055,Others,Binder,Non-binder,Non-binder
5.0,2-6 SiaLac,300.0,105.0,0.35,2.259,237.163,1.606490051146258,Others,Binder,Non-binder,Non-binder
5.0,2-6 SiaLac,300.0,105.0,0.35,2.289,240.323,1.5936884942348422,Others,Binder,Non-binder,Non-binder
5.0,2-6 SiaLac,300.0,105.0,0.35,2.046,214.796,1.7737760479710982,Others,Binder,Non-binder,Non-binder
5.0,2-6 SiaLac,300.0,141.0,0.47,1.953,275.404,1.5214012868367925,Others,Binder,Non-binder,Non-binder
5.0,2-6 SiaLac,300.0,141.0,0.47,1.989,280.391,1.4051806227731987,Others,Binder,Non-binder,Non-binder
5.0,2-6 SiaLac,300.0,141.0,0.47,1.992,280.815,1.253494293396008,Others,Binder,Non-binder,Non-binder
5.0,2-6 SiaLac,300.0,141.0,0.47,2.111,297.683,1.216058693307982,Others,Binder,Non-binder,Non-binder
5.0,2-6 SiaLac,300.0,141.0,0.47,1.868,263.384,1.1542083042250098,Others,Binder,Non-binder,Non-binder
10.0,2-6 SiaLac,150.0,44.0,0.29,3.838,168.859,1.385771560888078,Others,Binder,Non-binder,Non-binder
10.0,2-6 SiaLac,150.0,44.0,0.29,3.78,166.319,1.3648470709900855,Others,Binder,Non-binder,Non-binder
10.0,2-6 SiaLac,150.0,44.0,0.29,4.234,186.287,1.7177795552024564,Others,Binder,Non-binder,Non-binder
10.0,2-6 SiaLac,150.0,44.0,0.29,3.733,164.231,2.2103013438388612,Others,Binder,Non-binder,Non-binder
10.0,2-6 SiaLac,150.0,44.0,0.29,4.125,181.503,2.071591103177358,Others,Binder,Non-binder,Non-binder
10.0,2-6 SiaLac,150.0,44.0,0.29,3.676,161.734,2.38045185304265,Others,Binder,Non-binder,Non-binder
10.0,2-6 SiaLac,150.0,60.0,0.4,2.655,159.3,1.6070307595731324,Others,Binder,Non-binder,Non-binder
10.0,2-6 SiaLac,150.0,60.0,0.4,2.894,173.656,1.710277790574469,Others,Binder,Non-binder,Non-binder
10.0,2-6 SiaLac,150.0,60.0,0.4,2.821,169.286,1.7367059296102454,Others,Binder,Non-binder,Non-binder
10.0,2-6 SiaLac,150.0,60.0,0.4,2.789,167.355,1.577484987003675,Others,Binder,Non-binder,Non-binder
10.0,2-6 SiaLac,150.0,60.0,0.4,3.242,194.547,2.4981109963145154,Others,Binder,Non-binder,Non-binder
10.0,2-6 SiaLac,150.0,60.0,0.4,2.945,176.675,3.1866421395217204,Others,Binder,Non-binder,Non-binder
10.0,2-6 SiaLac,200.0,78.0,0.39,4.063,316.891,1.5652069639087256,Others,Binder,Non-binder,Non-binder
10.0,2-6 SiaLac,200.0,78.0,0.39,3.829,298.679,1.432976540031271,Others,Binder,Non-binder,Non-binder
10.0,2-6 SiaLac,200.0,78.0,0.39,4.168,325.119,0.9504212303802607,Others,Binder,Non-binder,Non-binder
10.0,2-6 SiaLac,200.0,78.0,0.39,3.79,295.656,0.7001379982141407,Others,Binder,Non-binder,Non-binder
10.0,2-6 SiaLac,200.0,78.0,0.39,3.831,298.845,0.6090113604042229,Others,Binder,Non-binder,Non-binder
10.0,2-6 SiaLac,200.0,78.0,0.39,2.369,184.803,2.2023452000238093,Others,Binder,Non-binder,Non-binder
10.0,2-6 SiaLac,200.0,98.0,0.49,3.871,379.364,1.3891671323583683,Others,Binder,Non-binder,Non-binder
10.0,2-6 SiaLac,200.0,98.0,0.49,3.773,369.799,1.6630656113185813,Others,Binder,Non-binder,Non-binder
10.0,2-6 SiaLac,200.0,98.0,0.49,3.763,368.728,1.4292378121542166,Others,Binder,Non-binder,Non-binder
10.0,2-6 SiaLac,200.0,98.0,0.49,1.556,152.473,2.334839610947512,Others,Binder,Non-binder,Non-binder
10.0,2-6 SiaLac,200.0,98.0,0.49,2.128,208.542,1.2179800711607254,Others,Binder,Non-binder,Non-binder
10.0,2-6 SiaLac,200.0,98.0,0.49,3.321,325.436,1.7023316412443614,Others,Binder,Non-binder,Non-binder
10.0,2-6 SiaLac,300.0,105.0,0.35,5.169,542.696,0.7518021138906497,Others,Binder,Non-binder,Non-binder
10.0,2-6 SiaLac,300.0,105.0,0.35,4.835,507.665,1.0676331833000108,Others,Binder,Non-binder,Non-binder
10.0,2-6 SiaLac,300.0,105.0,0.35,4.83,507.112,1.0806291312372809,Others,Binder,Non-binder,Non-binder
10.0,2-6 SiaLac,300.0,105.0,0.35,4.83,507.191,0.8064023218077608,Others,Binder,Non-binder,Non-binder
10.0,2-6 SiaLac,300.0,105.0,0.35,4.712,494.788,0.5032458345796583,Others,Binder,Non-binder,Non-binder
10.0,2-6 SiaLac,300.0,141.0,0.47,4.29,604.914,0.7372948881989837,Others,Binder,Non-binder,Non-binder
10.0,2-6 SiaLac,300.0,141.0,0.47,4.671,658.633,0.9322338844242545,Others,Binder,Non-binder,Non-binder
10.0,2-6 SiaLac,300.0,141.0,0.47,4.31,607.672,1.0104135125528244,Others,Binder,Non-binder,Non-binder
10.0,2-6 SiaLac,300.0,141.0,0.47,4.304,606.929,0.6343410843772501,Others,Binder,Non-binder,Non-binder
10.0,2-6 SiaLac,300.0,141.0,0.47,4.409,621.676,0.2750628944980987,Others,Binder,Non-binder,Non-binder
10.0,2-6 SiaLac,300.0,141.0,0.47,4.484,632.178,0.4919500520423045,Others,Binder,Non-binder,Non-binder
1.0,2-3 SiaLac,150.0,51.0,0.34,0.759,38.693,16.385392706691135,Conserved,Binder,Binder,Binder
1.0,2-3 SiaLac,150.0,51.0,0.34,0.742,37.841,17.045004096086256,Conserved,Binder,Binder,Binder
1.0,2-3 SiaLac,150.0,51.0,0.34,0.677,34.544,17.687586845761928,Conserved,Binder,Binder,Binder
1.0,2-3 SiaLac,150.0,51.0,0.34,0.671,34.232,19.922879177377894,Conserved,Binder,Binder,Binder
1.0,2-3 SiaLac,150.0,51.0,0.34,0.868,44.243,15.121036096105598,Conserved,Binder,Binder,Binder
1.0,2-3 SiaLac,150.0,51.0,0.34,0.661,33.73,21.553513193003262,Conserved,Binder,Binder,Binder
1.0,2-3 SiaLac,150.0,87.0,0.58,0.322,28.001,22.034927324024142,Conserved,Binder,Binder,Binder
1.0,2-3 SiaLac,150.0,87.0,0.58,0.319,27.793,20.07699780520275,Conserved,Binder,Binder,Binder
1.0,2-3 SiaLac,150.0,87.0,0.58,0.305,26.544,22.001205545509343,Conserved,Binder,Binder,Binder
1.0,2-3 SiaLac,150.0,87.0,0.58,0.306,26.641,21.13284035884539,Conserved,Binder,Binder,Binder
1.0,2-3 SiaLac,150.0,87.0,0.58,0.298,25.965,21.837088388214905,Conserved,Binder,Binder,Binder
1.0,2-3 SiaLac,150.0,87.0,0.58,0.307,26.738,22.851372578352905,Conserved,Binder,Binder,Binder
1.0,2-3 SiaLac,200.0,74.0,0.37,0.499,36.902,32.735353097393094,Conserved,Binder,Binder,Binder
1.0,2-3 SiaLac,200.0,74.0,0.37,0.495,36.623,32.766294405155236,Conserved,Binder,Binder,Binder
1.0,2-3 SiaLac,200.0,74.0,0.37,0.506,37.48,34.845250800426896,Conserved,Binder,Binder,Binder
1.0,2-3 SiaLac,200.0,74.0,0.37,0.502,37.182,31.359259856920012,Conserved,Binder,Binder,Binder
1.0,2-3 SiaLac,200.0,74.0,0.37,0.512,37.864,30.71519121064864,Conserved,Binder,Binder,Binder
1.0,2-3 SiaLac,200.0,74.0,0.37,0.533,39.438,30.60500025356255,Conserved,Binder,Binder,Binder
1.0,2-3 SiaLac,200.0,104.0,0.52,0.499,51.882,25.808565591149147,Conserved,Binder,Binder,Binder
1.0,2-3 SiaLac,200.0,104.0,0.52,0.454,47.185,30.348627741867116,Conserved,Binder,Binder,Binder
1.0,2-3 SiaLac,200.0,104.0,0.52,0.467,48.533,26.18836667834257,Conserved,Binder,Binder,Binder
1.0,2-3 SiaLac,200.0,104.0,0.52,0.459,47.766,26.127370933299837,Conserved,Binder,Binder,Binder
1.0,2-3 SiaLac,200.0,104.0,0.52,0.463,48.189,23.698354396231505,Conserved,Binder,Binder,Binder
1.0,2-3 SiaLac,200.0,104.0,0.52,0.454,47.185,24.54169757338137,Conserved,Binder,Binder,Binder
1.0,2-3 SiaLac,300.0,108.0,0.36,0.461,49.793,28.2971502018356,Conserved,Binder,Binder,Binder
1.0,2-3 SiaLac,300.0,108.0,0.36,0.514,55.5,30.7027027027027,Conserved,Binder,Binder,Binder
1.0,2-3 SiaLac,300.0,108.0,0.36,0.476,51.455,25.459139053541932,Conserved,Binder,Binder,Binder
1.0,2-3 SiaLac,300.0,108.0,0.36,0.479,51.682,32.50648194729306,Conserved,Binder,Binder,Binder
1.0,2-3 SiaLac,300.0,108.0,0.36,0.477,51.531,22.821214414624208,Conserved,Binder,Binder,Binder
1.0,2-3 SiaLac,300.0,108.0,0.36,0.509,55.012,21.286264814949465,Conserved,Binder,Binder,Binder
1.0,2-3 SiaLac,300.0,138.0,0.46,0.634,87.426,13.874591082744264,Conserved,Binder,Binder,Binder
1.0,2-3 SiaLac,300.0,138.0,0.46,0.624,86.076,20.098517589107303,Conserved,Binder,Binder,Binder
1.0,2-3 SiaLac,300.0,138.0,0.46,0.638,88.049,13.537916387466069,Conserved,Binder,Binder,Binder
1.0,2-3 SiaLac,300.0,138.0,0.46,0.645,88.983,11.552768506343908,Conserved,Binder,Binder,Binder
1.0,2-3 SiaLac,300.0,138.0,0.46,0.603,83.223,11.631399973565,Conserved,Binder,Binder,Binder
1.0,2-3 SiaLac,300.0,138.0,0.46,0.646,89.191,9.530109540200245,Conserved,Binder,Binder,Binder
5.0,2-3 SiaLac,150.0,51.0,0.34,2.099,107.057,10.723259572003698,Gained in MDCK,Binder,Binder,Non-binder
5.0,2-3 SiaLac,150.0,51.0,0.34,2.086,106.378,11.750549925736525,Gained in MDCK,Binder,Binder,Non-binder
5.0,2-3 SiaLac,150.0,51.0,0.34,2.117,107.962,11.077971878994461,Gained in MDCK,Binder,Binder,Non-binder
5.0,2-3 SiaLac,150.0,51.0,0.34,1.996,101.809,10.93223585341178,Gained in MDCK,Binder,Binder,Non-binder
5.0,2-3 SiaLac,150.0,51.0,0.34,2.011,102.545,10.317421619776683,Gained in MDCK,Binder,Binder,Non-binder
5.0,2-3 SiaLac,150.0,51.0,0.34,2.041,104.071,10.079657157133111,Gained in MDCK,Binder,Binder,Non-binder
5.0,2-3 SiaLac,150.0,87.0,0.58,1.798,156.452,7.599775010865953,Gained in MDCK,Binder,Binder,Non-binder
5.0,2-3 SiaLac,150.0,87.0,0.58,1.455,126.545,10.186099806392983,Gained in MDCK,Binder,Binder,Non-binder
5.0,2-3 SiaLac,150.0,87.0,0.58,1.895,164.828,7.268182590336593,Gained in MDCK,Binder,Binder,Non-binder
5.0,2-3 SiaLac,150.0,87.0,0.58,1.724,149.998,7.820104268056908,Gained in MDCK,Binder,Binder,Non-binder
5.0,2-3 SiaLac,150.0,87.0,0.58,1.655,144.016,7.4297300299966675,Gained in MDCK,Binder,Binder,Non-binder
5.0,2-3 SiaLac,150.0,87.0,0.58,1.743,151.664,6.290220487393185,Gained in MDCK,Binder,Binder,Non-binder
5.0,2-3 SiaLac,200.0,74.0,0.37,2.213,163.787,6.813727585217386,Gained in MDCK,Binder,Binder,Non-binder
5.0,2-3 SiaLac,200.0,74.0,0.37,2.046,151.423,7.521974865112962,Gained in MDCK,Binder,Binder,Non-binder
5.0,2-3 SiaLac,200.0,74.0,0.37,2.051,151.755,7.083786366182333,Gained in MDCK,Binder,Binder,Non-binder
5.0,2-3 SiaLac,200.0,74.0,0.37,2.055,152.052,6.951569200010523,Gained in MDCK,Binder,Binder,Non-binder
5.0,2-3 SiaLac,200.0,74.0,0.37,2.26,167.211,6.100077148034519,Gained in MDCK,Binder,Binder,Non-binder
5.0,2-3 SiaLac,200.0,74.0,0.37,2.133,157.876,5.637335630494818,Gained in MDCK,Binder,Binder,Non-binder
5.0,2-3 SiaLac,200.0,104.0,0.52,1.998,207.745,4.832847962646514,Gained in MDCK,Binder,Binder,Non-binder
5.0,2-3 SiaLac,200.0,104.0,0.52,2.027,210.838,4.657604416661133,Gained in MDCK,Binder,Binder,Non-binder
5.0,2-3 SiaLac,200.0,104.0,0.52,2.052,213.376,4.531906118776245,Gained in MDCK,Binder,Binder,Non-binder
5.0,2-3 SiaLac,200.0,104.0,0.52,2.024,210.521,4.412861424750975,Gained in MDCK,Binder,Binder,Non-binder
5.0,2-3 SiaLac,200.0,104.0,0.52,2.047,212.847,4.125028776539017,Gained in MDCK,Binder,Binder,Non-binder
5.0,2-3 SiaLac,200.0,104.0,0.52,2.089,217.288,3.9578807849490074,Gained in MDCK,Binder,Binder,Non-binder
5.0,2-3 SiaLac,300.0,108.0,0.36,2.053,221.736,4.30692354872461,Gained in MDCK,Binder,Binder,Non-binder
5.0,2-3 SiaLac,300.0,108.0,0.36,2.066,223.075,4.523142440883111,Gained in MDCK,Binder,Binder,Non-binder
5.0,2-3 SiaLac,300.0,108.0,0.36,2.268,244.96,3.8210320052253426,Gained in MDCK,Binder,Binder,Non-binder
5.0,2-3 SiaLac,300.0,108.0,0.36,2.127,229.766,4.221686411392461,Gained in MDCK,Binder,Binder,Non-binder
5.0,2-3 SiaLac,300.0,108.0,0.36,2.157,233.006,4.171566397431826,Gained in MDCK,Binder,Binder,Non-binder
5.0,2-3 SiaLac,300.0,108.0,0.36,2.3,248.432,3.7193276228505185,Gained in MDCK,Binder,Binder,Non-binder
5.0,2-3 SiaLac,300.0,138.0,0.46,2.337,322.478,2.3319420239520214,Gained in MDCK,Binder,Binder,Non-binder
5.0,2-3 SiaLac,300.0,138.0,0.46,2.296,316.879,2.4646631679600097,Gained in MDCK,Binder,Binder,Non-binder
5.0,2-3 SiaLac,300.0,138.0,0.46,2.359,325.501,2.45467755859429,Gained in MDCK,Binder,Binder,Non-binder
5.0,2-3 SiaLac,300.0,138.0,0.46,2.433,335.802,2.424047504184013,Gained in MDCK,Binder,Binder,Non-binder
5.0,2-3 SiaLac,300.0,138.0,0.46,2.493,343.976,2.346093913528851,Gained in MDCK,Binder,Binder,Non-binder
5.0,2-3 SiaLac,300.0,138.0,0.46,2.447,337.706,2.368924449077008,Gained in MDCK,Binder,Binder,Non-binder
10.0,2-3 SiaLac,150.0,51.0,0.34,3.75,191.253,4.836525440123816,Gained in MDCK,Binder,Binder,Non-binder
10.0,2-3 SiaLac,150.0,51.0,0.34,4.131,210.662,4.618773200672167,Gained in MDCK,Binder,Binder,Non-binder
10.0,2-3 SiaLac,150.0,51.0,0.34,3.877,197.725,5.826273865216842,Gained in MDCK,Binder,Binder,Non-binder
10.0,2-3 SiaLac,150.0,51.0,0.34,3.766,192.042,5.045771237541787,Gained in MDCK,Binder,Binder,Non-binder
10.0,2-3 SiaLac,150.0,51.0,0.34,3.857,196.725,3.4210191892235353,Gained in MDCK,Binder,Binder,Non-binder
10.0,2-3 SiaLac,150.0,51.0,0.34,3.93,200.408,4.705400981996727,Gained in MDCK,Binder,Binder,Non-binder
10.0,2-3 SiaLac,150.0,87.0,0.58,2.843,247.298,3.6878583732986114,Gained in MDCK,Binder,Binder,Non-binder
10.0,2-3 SiaLac,150.0,87.0,0.58,2.771,241.12,4.159754479097545,Gained in MDCK,Binder,Binder,Non-binder
10.0,2-3 SiaLac,150.0,87.0,0.58,2.767,240.734,4.714747397542515,Gained in MDCK,Binder,Binder,Non-binder
10.0,2-3 SiaLac,150.0,87.0,0.58,2.825,245.754,4.089455308967504,Gained in MDCK,Binder,Binder,Non-binder
10.0,2-3 SiaLac,150.0,87.0,0.58,2.999,260.908,2.993392306866788,Gained in MDCK,Binder,Binder,Non-binder
10.0,2-3 SiaLac,150.0,87.0,0.58,2.807,244.209,4.193129655336208,Gained in MDCK,Binder,Binder,Non-binder
10.0,2-3 SiaLac,200.0,74.0,0.37,4.551,336.791,2.7138492418146565,Gained in MDCK,Binder,Binder,Non-binder
10.0,2-3 SiaLac,200.0,74.0,0.37,4.315,319.32,2.8999123136665417,Gained in MDCK,Binder,Binder,Non-binder
10.0,2-3 SiaLac,200.0,74.0,0.37,4.236,313.444,3.38178430596853,Gained in MDCK,Binder,Binder,Non-binder
10.0,2-3 SiaLac,200.0,74.0,0.37,4.276,316.452,2.0477039171817526,Gained in MDCK,Binder,Binder,Non-binder
10.0,2-3 SiaLac,200.0,74.0,0.37,4.445,328.904,1.03677668863863,Gained in MDCK,Binder,Binder,Non-binder
10.0,2-3 SiaLac,200.0,74.0,0.37,4.423,327.33,2.0346439373109706,Gained in MDCK,Binder,Binder,Non-binder
10.0,2-3 SiaLac,200.0,104.0,0.52,3.283,341.411,2.551177320004335,Gained in MDCK,Binder,Binder,Non-binder
10.0,2-3 SiaLac,200.0,104.0,0.52,1.709,177.69,5.498339805278857,Gained in MDCK,Binder,Binder,Non-binder
10.0,2-3 SiaLac,200.0,104.0,0.52,2.362,245.678,4.180268481508316,Gained in MDCK,Binder,Binder,Non-binder
10.0,2-3 SiaLac,200.0,104.0,0.52,1.501,156.057,3.223181273509039,Gained in MDCK,Binder,Binder,Non-binder
10.0,2-3 SiaLac,200.0,104.0,0.52,1.955,203.272,2.0907946003384628,Gained in MDCK,Binder,Binder,Non-binder
10.0,2-3 SiaLac,200.0,104.0,0.52,3.423,355.961,2.1491118409039194,Gained in MDCK,Binder,Binder,Non-binder
10.0,2-3 SiaLac,300.0,108.0,0.36,2.253,243.362,3.6036850453234277,Gained in MDCK,Binder,Binder,Non-binder
10.0,2-3 SiaLac,300.0,108.0,0.36,3.524,380.638,2.624540902379689,Gained in MDCK,Binder,Binder,Non-binder
10.0,2-3 SiaLac,300.0,108.0,0.36,3.499,377.926,2.6910030005874166,Gained in MDCK,Binder,Binder,Non-binder
10.0,2-3 SiaLac,300.0,108.0,0.36,3.52,380.145,1.178497678517408,Gained in MDCK,Binder,Binder,Non-binder
10.0,2-3 SiaLac,300.0,108.0,0.36,3.954,427.038,0.990544167029632,Gained in MDCK,Binder,Binder,Non-binder
10.0,2-3 SiaLac,300.0,108.0,0.36,4.51,487.066,1.4084333540013059,Gained in MDCK,Binder,Binder,Non-binder
10.0,2-3 SiaLac,300.0,138.0,0.46,3.661,505.229,1.5735438781225939,Gained in MDCK,Binder,Binder,Non-binder
10.0,2-3 SiaLac,300.0,138.0,0.46,3.671,506.581,1.9799400293339071,Gained in MDCK,Binder,Binder,Non-binder
10.0,2-3 SiaLac,300.0,138.0,0.46,3.737,515.753,2.125048230451398,Gained in MDCK,Binder,Binder,Non-binder
10.0,2-3 SiaLac,300.0,138.0,0.46,3.807,525.311,1.1060114865289323,Gained in MDCK,Binder,Binder,Non-binder
10.0,2-3 SiaLac,300.0,138.0,0.46,4.131,570.109,0.8279118554522029,Gained in MDCK,Binder,Binder,Non-binder
10.0,2-3 SiaLac,300.0,138.0,0.46,4.792,661.345,1.058449069698871,Gained in MDCK,Binder,Binder,Non-binder
1.0,2-6 SiaLac,150.0,44.0,0.29,0.423,18.4,5.978260869565218,Conserved,Binder,Binder,Binder
1.0,2-6 SiaLac,150.0,44.0,0.29,0.429,18.669,3.8030960415662327,Conserved,Binder,Binder,Binder
1.0,2-6 SiaLac,150.0,44.0,0.29,0.456,19.836,3.680177455132083,Conserved,Binder,Binder,Binder
1.0,2-6 SiaLac,150.0,44.0,0.29,0.438,19.073,4.194410947412573,Conserved,Binder,Binder,Binder
1.0,2-6 SiaLac,150.0,44.0,0.29,0.431,18.759,3.998080921157844,Conserved,Binder,Binder,Binder
1.0,2-6 SiaLac,150.0,44.0,0.29,0.479,20.849,3.885078421027387,Conserved,Binder,Binder,Binder
1.0,2-6 SiaLac,150.0,60.0,0.4,0.535,32.1,4.984423676012461,Conserved,Binder,Binder,Binder
1.0,2-6 SiaLac,150.0,60.0,0.4,0.595,35.723,2.715337457660331,Conserved,Binder,Binder,Binder
1.0,2-6 SiaLac,150.0,60.0,0.4,0.402,24.121,2.404543758550641,Conserved,Binder,Binder,Binder
1.0,2-6 SiaLac,150.0,60.0,0.4,0.527,31.602,2.151762546674261,Conserved,Binder,Binder,Binder
1.0,2-6 SiaLac,150.0,60.0,0.4,0.724,43.467,1.5874111394851267,Others,Non-binder,Binder,Binder
1.0,2-6 SiaLac,150.0,60.0,0.4,0.769,46.123,1.7995360232422002,Conserved,Binder,Binder,Binder
1.0,2-6 SiaLac,200.0,78.0,0.39,0.503,39.255,5.477009298178576,Conserved,Binder,Binder,Binder
1.0,2-6 SiaLac,200.0,78.0,0.39,0.519,40.484,4.6191087837170235,Conserved,Binder,Binder,Binder
1.0,2-6 SiaLac,200.0,78.0,0.39,0.502,39.136,3.4750613246116107,Conserved,Binder,Binder,Binder
1.0,2-6 SiaLac,200.0,78.0,0.39,0.539,42.05,3.2104637336504163,Conserved,Binder,Binder,Binder
1.0,2-6 SiaLac,200.0,78.0,0.39,0.528,41.158,4.470576801593857,Conserved,Binder,Binder,Binder
1.0,2-6 SiaLac,200.0,78.0,0.39,0.486,37.939,4.507235298769077,Conserved,Binder,Binder,Binder
1.0,2-6 SiaLac,200.0,98.0,0.49,0.495,48.486,4.949882440292043,Conserved,Binder,Binder,Binder
1.0,2-6 SiaLac,200.0,98.0,0.49,0.471,46.131,3.6418026923327047,Conserved,Binder,Binder,Binder
1.0,2-6 SiaLac,200.0,98.0,0.49,0.506,49.614,2.9628733825130005,Conserved,Binder,Binder,Binder
1.0,2-6 SiaLac,200.0,98.0,0.49,0.479,46.978,2.894972114606837,Conserved,Binder,Binder,Binder
1.0,2-6 SiaLac,200.0,98.0,0.49,0.478,46.829,3.4807491084584337,Conserved,Binder,Binder,Binder
1.0,2-6 SiaLac,200.0,98.0,0.49,0.538,52.757,3.468734006861649,Conserved,Binder,Binder,Binder
1.0,2-6 SiaLac,300.0,105.0,0.35,0.51,53.503,4.896921667943854,Conserved,Binder,Binder,Binder
1.0,2-6 SiaLac,300.0,105.0,0.35,0.528,55.462,3.281526089935451,Conserved,Binder,Binder,Binder
1.0,2-6 SiaLac,300.0,105.0,0.35,0.521,54.696,1.6271756618399884,Conserved,Binder,Binder,Binder
1.0,2-6 SiaLac,300.0,105.0,0.35,0.514,53.958,3.372993810000371,Conserved,Binder,Binder,Binder
1.0,2-6 SiaLac,300.0,105.0,0.35,0.493,51.746,3.34325358481815,Conserved,Binder,Binder,Binder
1.0,2-6 SiaLac,300.0,105.0,0.35,0.537,56.399,3.067430273586411,Conserved,Binder,Binder,Binder
1.0,2-6 SiaLac,300.0,141.0,0.47,0.332,46.785,5.364967404082505,Gained in MDCK,Binder,Binder,Non-binder
1.0,2-6 SiaLac,300.0,141.0,0.47,0.359,50.604,3.9324954549047506,Gained in MDCK,Binder,Binder,Non-binder
1.0,2-6 SiaLac,300.0,141.0,0.47,0.343,48.376,3.7621961303125517,Gained in MDCK,Binder,Binder,Non-binder
1.0,2-6 SiaLac,300.0,141.0,0.47,0.371,52.301,3.4607368883960152,Gained in MDCK,Binder,Binder,Non-binder
1.0,2-6 SiaLac,300.0,141.0,0.47,0.358,50.498,3.2674561368767083,Gained in MDCK,Binder,Binder,Non-binder
1.0,2-6 SiaLac,300.0,141.0,0.47,0.373,52.62,3.895857088559483,Gained in MDCK,Binder,Binder,Non-binder
5.0,2-6 SiaLac,150.0,44.0,0.29,1.871,81.407,2.5796307442848896,Gained in MDCK,Binder,Binder,Non-binder
5.0,2-6 SiaLac,150.0,44.0,0.29,1.908,82.977,2.5308217939911057,Gained in MDCK,Binder,Binder,Non-binder
5.0,2-6 SiaLac,150.0,44.0,0.29,1.87,81.362,2.359823996460264,Gained in MDCK,Binder,Binder,Non-binder
5.0,2-6 SiaLac,150.0,44.0,0.29,1.961,85.311,2.2857544748039524,Gained in MDCK,Binder,Binder,Non-binder
5.0,2-6 SiaLac,150.0,44.0,0.29,1.93,83.965,2.34621568510689,Gained in MDCK,Binder,Binder,Non-binder
5.0,2-6 SiaLac,150.0,44.0,0.29,1.885,81.99,2.2319795096963047,Gained in MDCK,Binder,Binder,Non-binder
5.0,2-6 SiaLac,150.0,60.0,0.4,1.461,87.654,1.357610605334611,Others,Non-binder,Binder,Non-binder
5.0,2-6 SiaLac,150.0,60.0,0.4,1.514,90.812,1.717834647403427,Gained in MDCK,Binder,Binder,Non-binder
5.0,2-6 SiaLac,150.0,60.0,0.4,1.324,79.417,2.228741957011723,Gained in MDCK,Binder,Binder,Non-binder
5.0,2-6 SiaLac,150.0,60.0,0.4,1.566,93.971,1.8409934979940619,Gained in MDCK,Binder,Binder,Non-binder
5.0,2-6 SiaLac,150.0,60.0,0.4,1.4,84.01,2.237828829901202,Gained in MDCK,Binder,Binder,Non-binder
5.0,2-6 SiaLac,150.0,60.0,0.4,1.455,87.272,1.7302227518562654,Gained in MDCK,Binder,Binder,Non-binder
5.0,2-6 SiaLac,200.0,78.0,0.39,2.186,170.539,1.3076187851459198,Others,Non-binder,Non-binder,Non-binder
5.0,2-6 SiaLac,200.0,78.0,0.39,2.294,178.925,1.3469330725164175,Others,Non-binder,Non-binder,Non-binder
5.0,2-6 SiaLac,200.0,78.0,0.39,2.216,172.859,1.2264331044377208,Others,Non-binder,Non-binder,Non-binder
5.0,2-6 SiaLac,200.0,78.0,0.39,2.357,183.822,1.2512104100706118,Others,Non-binder,Non-binder,Non-binder
5.0,2-6 SiaLac,200.0,78.0,0.39,2.279,177.736,1.3728226133141288,Others,Non-binder,Non-binder,Non-binder
5.0,2-6 SiaLac,200.0,78.0,0.39,2.284,178.152,1.2349005343751405,Others,Non-binder,Non-binder,Non-binder
5.0,2-6 SiaLac,200.0,98.0,0.49,1.858,182.124,1.202477432957765,Others,Non-binder,Non-binder,Non-binder
5.0,2-6 SiaLac,200.0,98.0,0.49,1.936,189.726,1.1121301244953248,Others,Non-binder,Non-binder,Non-binder
5.0,2-6 SiaLac,200.0,98.0,0.49,1.747,171.249,1.1970872822615022,Others,Non-binder,Non-binder,Non-binder
5.0,2-6 SiaLac,200.0,98.0,0.49,1.747,171.249,1.1445322308451436,Others,Non-binder,Non-binder,Non-binder
5.0,2-6 SiaLac,200.0,98.0,0.49,1.753,171.822,1.2047351328700633,Others,Non-binder,Non-binder,Non-binder
5.0,2-6 SiaLac,200.0,98.0,0.49,1.849,181.163,1.2640550222727598,Others,Non-binder,Non-binder,Non-binder
5.0,2-6 SiaLac,300.0,105.0,0.35,2.558,268.622,0.7482633589207138,Others,Non-binder,Non-binder,Non-binder
5.0,2-6 SiaLac,300.0,105.0,0.35,2.454,257.625,0.8850072780203785,Others,Non-binder,Non-binder,Non-binder
5.0,2-6 SiaLac,300.0,105.0,0.35,2.49,261.496,0.8183681585951602,Others,Non-binder,Non-binder,Non-binder
5.0,2-6 SiaLac,300.0,105.0,0.35,2.462,258.494,0.7775809109689199,Others,Non-binder,Non-binder,Non-binder
5.0,2-6 SiaLac,300.0,105.0,0.35,2.509,263.471,0.8425974775212453,Others,Non-binder,Non-binder,Non-binder
5.0,2-6 SiaLac,300.0,105.0,0.35,2.437,255.886,0.797230016491719,Others,Non-binder,Non-binder,Non-binder
5.0,2-6 SiaLac,300.0,141.0,0.47,2.076,292.764,0.7856157177795083,Others,Non-binder,Non-binder,Non-binder
5.0,2-6 SiaLac,300.0,141.0,0.47,1.902,268.19,0.8464148551400127,Others,Non-binder,Non-binder,Non-binder
5.0,2-6 SiaLac,300.0,141.0,0.47,2.117,298.484,0.8107637260288659,Others,Non-binder,Non-binder,Non-binder
5.0,2-6 SiaLac,300.0,141.0,0.47,1.991,280.709,1.0224111090132486,Others,Non-binder,Non-binder,Non-binder
5.0,2-6 SiaLac,300.0,141.0,0.47,2.193,309.238,0.6629198222728125,Others,Non-binder,Non-binder,Non-binder
5.0,2-6 SiaLac,300.0,141.0,0.47,2.113,298.001,0.7248297824503945,Others,Non-binder,Non-binder,Non-binder
10.0,2-6 SiaLac,150.0,44.0,0.29,3.963,174.376,1.1641510299582511,Others,Non-binder,Non-binder,Non-binder
10.0,2-6 SiaLac,150.0,44.0,0.29,3.733,164.231,1.4857121980624852,Others,Non-binder,Non-binder,Non-binder
10.0,2-6 SiaLac,150.0,44.0,0.29,3.646,160.418,1.4586891745315362,Others,Non-binder,Non-binder,Non-binder
10.0,2-6 SiaLac,150.0,44.0,0.29,4.207,185.116,1.2964843665593464,Others,Non-binder,Non-binder,Non-binder
10.0,2-6 SiaLac,150.0,44.0,0.29,4.039,177.695,1.2774698218858156,Others,Non-binder,Non-binder,Non-binder
10.0,2-6 SiaLac,150.0,44.0,0.29,4.128,181.65,1.222130470685384,Others,Non-binder,Non-binder,Non-binder
10.0,2-6 SiaLac,150.0,60.0,0.4,2.043,122.554,1.3871436264830197,Others,Non-binder,Non-binder,Non-binder
10.0,2-6 SiaLac,150.0,60.0,0.4,2.237,134.244,1.1918595989392449,Others,Non-binder,Non-binder,Non-binder
10.0,2-6 SiaLac,150.0,60.0,0.4,2.049,122.953,1.3419762022886794,Others,Non-binder,Non-binder,Non-binder
10.0,2-6 SiaLac,150.0,60.0,0.4,2.383,143.003,1.223750550687748,Others,Non-binder,Non-binder,Non-binder
10.0,2-6 SiaLac,150.0,60.0,0.4,2.092,125.55,1.2743926722421346,Others,Non-binder,Non-binder,Non-binder
10.0,2-6 SiaLac,150.0,60.0,0.4,2.243,134.603,1.2926903560841883,Others,Non-binder,Non-binder,Non-binder
10.0,2-6 SiaLac,200.0,78.0,0.39,4.204,327.935,0.8172351228139723,Others,Non-binder,Non-binder,Non-binder
10.0,2-6 SiaLac,200.0,78.0,0.39,4.318,336.784,0.9293790678892109,Others,Non-binder,Non-binder,Non-binder
10.0,2-6 SiaLac,200.0,78.0,0.39,2.856,222.763,1.0998235793197255,Others,Non-binder,Non-binder,Non-binder
10.0,2-6 SiaLac,200.0,78.0,0.39,2.979,232.328,1.157845804207844,Others,Non-binder,Non-binder,Non-binder
10.0,2-6 SiaLac,200.0,78.0,0.39,4.251,331.603,0.8021640334978876,Others,Non-binder,Non-binder,Non-binder
10.0,2-6 SiaLac,200.0,78.0,0.39,4.826,376.407,0.8634270882316216,Others,Non-binder,Non-binder,Non-binder
10.0,2-6 SiaLac,200.0,98.0,0.49,3.396,332.834,0.8022016981438195,Others,Non-binder,Non-binder,Non-binder
10.0,2-6 SiaLac,200.0,98.0,0.49,3.685,361.158,0.6894489392454272,Others,Non-binder,Non-binder,Non-binder
10.0,2-6 SiaLac,200.0,98.0,0.49,2.579,252.775,1.0325388191079024,Others,Non-binder,Non-binder,Non-binder
10.0,2-6 SiaLac,200.0,98.0,0.49,2.307,226.075,1.1456375096759925,Others,Non-binder,Non-binder,Non-binder
10.0,2-6 SiaLac,200.0,98.0,0.49,3.492,342.25,0.8356464572680788,Others,Non-binder,Non-binder,Non-binder
10.0,2-6 SiaLac,200.0,98.0,0.49,3.728,365.322,0.9744827850499012,Others,Non-binder,Non-binder,Non-binder
10.0,2-6 SiaLac,300.0,105.0,0.35,5.559,583.675,0.3118173641153039,Others,Non-binder,Non-binder,Non-binder
10.0,2-6 SiaLac,300.0,105.0,0.35,5.466,573.878,0.3293382914138545,Others,Non-binder,Non-binder,Non-binder
10.0,2-6 SiaLac,300.0,105.0,0.35,5.554,583.164,0.3052314614756741,Others,Non-binder,Non-binder,Non-binder
10.0,2-6 SiaLac,300.0,105.0,0.35,5.048,530.022,0.26036655082241866,Others,Non-binder,Non-binder,Non-binder
10.0,2-6 SiaLac,300.0,105.0,0.35,5.592,587.168,0.2469480625647174,Others,Non-binder,Non-binder,Non-binder
10.0,2-6 SiaLac,300.0,105.0,0.35,5.422,569.362,0.3477576655976339,Others,Non-binder,Non-binder,Non-binder
10.0,2-6 SiaLac,300.0,141.0,0.47,4.237,597.398,0.3013066665773906,Others,Non-binder,Non-binder,Non-binder
10.0,2-6 SiaLac,300.0,141.0,0.47,4.346,612.786,0.29537228330934456,Others,Non-binder,Non-binder,Non-binder
10.0,2-6 SiaLac,300.0,141.0,0.47,4.355,614.069,0.30289755711491706,Others,Non-binder,Non-binder,Non-binder
10.0,2-6 SiaLac,300.0,141.0,0.47,4.323,609.531,0.2789029598166459,Others,Non-binder,Non-binder,Non-binder
10.0,2-6 SiaLac,300.0,141.0,0.47,4.416,622.651,0.26820803307149593,Others,Non-binder,Non-binder,Non-binder
10.0,2-6 SiaLac,300.0,141.0,0.47,3.83,540.08,0.37587024144571174,Others,Non-binder,Non-binder,Non-binder
1.0,2-3 SiaLac,150.0,51.0,0.34,0.499,25.445,15.209274906661426,Conserved,Binder,Binder,Binder
1.0,2-3 SiaLac,150.0,51.0,0.34,0.525,26.781,19.267391060826707,Conserved,Binder,Binder,Binder
1.0,2-3 SiaLac,150.0,51.0,0.34,0.525,26.788,14.67074809616246,Conserved,Binder,Binder,Binder
1.0,2-3 SiaLac,150.0,51.0,0.34,0.761,38.815,13.602988535360042,Conserved,Binder,Binder,Binder
1.0,2-3 SiaLac,150.0,51.0,0.34,0.538,27.459,16.38806948541462,Conserved,Binder,Binder,Binder
1.0,2-3 SiaLac,150.0,51.0,0.34,0.629,32.097,17.1355578402966,Conserved,Binder,Binder,Binder
1.0,2-3 SiaLac,150.0,87.0,0.58,0.329,28.626,12.086913994270942,Conserved,Binder,Binder,Binder
1.0,2-3 SiaLac,150.0,87.0,0.58,0.326,28.378,11.734442173514694,Conserved,Binder,Binder,Binder
1.0,2-3 SiaLac,150.0,87.0,0.58,0.343,29.875,12.384937238493723,Conserved,Binder,Binder,Binder
1.0,2-3 SiaLac,150.0,87.0,0.58,0.347,30.212,12.809479676949557,Conserved,Binder,Binder,Binder
1.0,2-3 SiaLac,150.0,87.0,0.58,0.316,27.51,13.66775717920756,Conserved,Binder,Binder,Binder
1.0,2-3 SiaLac,150.0,87.0,0.58,0.376,32.685,12.543980419152515,Conserved,Binder,Binder,Binder
1.0,2-3 SiaLac,200.0,74.0,0.37,0.6,44.426,17.197136811776886,Conserved,Binder,Binder,Binder
1.0,2-3 SiaLac,200.0,74.0,0.37,0.635,46.966,17.885278712259932,Conserved,Binder,Binder,Binder
1.0,2-3 SiaLac,200.0,74.0,0.37,0.598,44.22,19.49344188150158,Conserved,Binder,Binder,Binder
1.0,2-3 SiaLac,200.0,74.0,0.37,0.696,51.5,16.40776699029126,Conserved,Binder,Binder,Binder
1.0,2-3 SiaLac,200.0,74.0,0.37,0.629,46.514,17.80109214430064,Conserved,Binder,Binder,Binder
1.0,2-3 SiaLac,200.0,74.0,0.37,0.769,56.895,14.658581597679936,Conserved,Binder,Binder,Binder
1.0,2-3 SiaLac,200.0,104.0,0.52,0.271,28.134,27.902182412739034,Conserved,Binder,Binder,Binder
1.0,2-3 SiaLac,200.0,104.0,0.52,0.221,23.022,38.31118060985145,Conserved,Binder,Binder,Binder
1.0,2-3 SiaLac,200.0,104.0,0.52,0.452,47.053,17.682188170786137,Conserved,Binder,Binder,Binder
1.0,2-3 SiaLac,200.0,104.0,0.52,0.528,54.932,15.655719799024247,Conserved,Binder,Binder,Binder
1.0,2-3 SiaLac,200.0,104.0,0.52,0.535,55.645,14.520621798903765,Conserved,Binder,Binder,Binder
1.0,2-3 SiaLac,200.0,104.0,0.52,0.539,56.067,14.054613230599104,Conserved,Binder,Binder,Binder
1.0,2-3 SiaLac,300.0,108.0,0.36,0.53,57.288,14.36601033375227,Conserved,Binder,Binder,Binder
1.0,2-3 SiaLac,300.0,108.0,0.36,0.184,19.883,40.53714228235176,Conserved,Binder,Binder,Binder
1.0,2-3 SiaLac,300.0,108.0,0.36,0.444,47.917,16.236408790199718,Conserved,Binder,Binder,Binder
1.0,2-3 SiaLac,300.0,108.0,0.36,0.541,58.407,13.4915335490609,Conserved,Binder,Binder,Binder
1.0,2-3 SiaLac,300.0,108.0,0.36,0.562,60.749,12.115425768325403,Conserved,Binder,Binder,Binder
1.0,2-3 SiaLac,300.0,108.0,0.36,0.472,50.944,15.723146984924622,Conserved,Binder,Binder,Binder
1.0,2-3 SiaLac,300.0,138.0,0.46,0.525,72.474,10.997047216932968,Conserved,Binder,Binder,Binder
1.0,2-3 SiaLac,300.0,138.0,0.46,0.548,75.693,10.978558122943998,Conserved,Binder,Binder,Binder
1.0,2-3 SiaLac,300.0,138.0,0.46,0.557,76.835,9.878310665712242,Conserved,Binder,Binder,Binder
1.0,2-3 SiaLac,300.0,138.0,0.46,0.618,85.322,8.391739527906049,Conserved,Binder,Binder,Binder
1.0,2-3 SiaLac,300.0,138.0,0.46,0.571,78.808,9.415287788041823,Conserved,Binder,Binder,Binder
1.0,2-3 SiaLac,300.0,138.0,0.46,0.531,73.279,9.852754540864368,Conserved,Binder,Binder,Binder
5.0,2-3 SiaLac,150.0,51.0,0.34,2.311,117.864,7.245639041607276,Gained in MDCK,Binder,Binder,Non-binder
5.0,2-3 SiaLac,150.0,51.0,0.34,2.384,121.599,7.352034145017639,Gained in MDCK,Binder,Binder,Non-binder
5.0,2-3 SiaLac,150.0,51.0,0.34,2.3,117.298,6.956640351924159,Gained in MDCK,Binder,Binder,Non-binder
5.0,2-3 SiaLac,150.0,51.0,0.34,2.409,122.844,6.357656865618183,Gained in MDCK,Binder,Binder,Non-binder
5.0,2-3 SiaLac,150.0,51.0,0.34,2.391,121.938,6.208072955108333,Gained in MDCK,Binder,Binder,Non-binder
5.0,2-3 SiaLac,150.0,51.0,0.34,2.706,138.028,5.353986147738141,Gained in MDCK,Binder,Binder,Non-binder
5.0,2-3 SiaLac,150.0,87.0,0.58,1.683,146.459,6.636669648160918,Gained in MDCK,Binder,Binder,Non-binder
5.0,2-3 SiaLac,150.0,87.0,0.58,1.587,138.028,6.781232793346278,Gained in MDCK,Binder,Binder,Non-binder
5.0,2-3 SiaLac,150.0,87.0,0.58,1.669,145.21,5.901797396873493,Gained in MDCK,Binder,Binder,Non-binder
5.0,2-3 SiaLac,150.0,87.0,0.58,1.887,164.152,5.433988011111653,Gained in MDCK,Binder,Binder,Non-binder
5.0,2-3 SiaLac,150.0,87.0,0.58,2.14,186.219,4.414157524205371,Gained in MDCK,Binder,Binder,Non-binder
5.0,2-3 SiaLac,200.0,74.0,0.37,2.436,180.245,3.384282504369053,Gained in MDCK,Binder,Binder,Non-binder
5.0,2-3 SiaLac,200.0,74.0,0.37,2.653,196.345,2.8877740711502713,Gained in MDCK,Binder,Binder,Non-binder
5.0,2-3 SiaLac,200.0,74.0,0.37,2.457,181.787,3.058524536958088,Gained in MDCK,Binder,Binder,Non-binder
5.0,2-3 SiaLac,200.0,74.0,0.37,2.622,194.013,2.834861581440419,Gained in MDCK,Binder,Binder,Non-binder
5.0,2-3 SiaLac,200.0,74.0,0.37,2.54,187.938,3.027594206600049,Gained in MDCK,Binder,Binder,Non-binder
5.0,2-3 SiaLac,200.0,74.0,0.37,2.68,198.32,2.864058087938685,Gained in MDCK,Binder,Binder,Non-binder
5.0,2-3 SiaLac,200.0,104.0,0.52,1.791,186.307,3.054098879805912,Gained in MDCK,Binder,Binder,Non-binder
5.0,2-3 SiaLac,200.0,104.0,0.52,2.015,209.551,2.376509775663204,Gained in MDCK,Binder,Binder,Non-binder
5.0,2-3 SiaLac,200.0,104.0,0.52,1.893,196.828,2.5098055154754406,Gained in MDCK,Binder,Binder,Non-binder
5.0,2-3 SiaLac,200.0,104.0,0.52,2.068,215.053,2.301758171241508,Gained in MDCK,Binder,Binder,Non-binder
5.0,2-3 SiaLac,200.0,104.0,0.52,1.417,147.404,3.697321646631028,Gained in MDCK,Binder,Binder,Non-binder
5.0,2-3 SiaLac,200.0,104.0,0.52,1.357,141.169,3.548937797958475,Gained in MDCK,Binder,Binder,Non-binder
5.0,2-3 SiaLac,300.0,108.0,0.36,2.382,257.237,2.3324793867134197,Gained in MDCK,Binder,Binder,Non-binder
5.0,2-3 SiaLac,300.0,108.0,0.36,2.371,256.039,2.3590156187143365,Gained in MDCK,Binder,Binder,Non-binder
5.0,2-3 SiaLac,300.0,108.0,0.36,2.369,255.899,2.266519212658119,Gained in MDCK,Binder,Binder,Non-binder
5.0,2-3 SiaLac,300.0,108.0,0.36,2.306,248.996,2.269112756831435,Gained in MDCK,Binder,Binder,Non-binder
5.0,2-3 SiaLac,300.0,108.0,0.36,1.81,195.466,3.069587549752898,Gained in MDCK,Binder,Binder,Non-binder
5.0,2-3 SiaLac,300.0,108.0,0.36,1.228,132.625,4.54665409990575,Gained in MDCK,Binder,Binder,Non-binder
5.0,2-3 SiaLac,300.0,138.0,0.46,2.41,332.563,1.6658497788388968,Gained in MDCK,Binder,Binder,Non-binder
5.0,2-3 SiaLac,300.0,138.0,0.46,2.445,337.408,1.5915449544764795,Others,Non-binder,Binder,Non-binder
5.0,2-3 SiaLac,300.0,138.0,0.46,1.72,237.379,2.5528795723294815,Gained in MDCK,Binder,Binder,Non-binder
5.0,2-3 SiaLac,300.0,138.0,0.46,2.549,351.698,1.5638417050992615,Others,Non-binder,Binder,Non-binder
5.0,2-3 SiaLac,300.0,138.0,0.46,2.567,354.242,1.4905064899136748,Others,Non-binder,Binder,Non-binder
5.0,2-3 SiaLac,300.0,138.0,0.46,2.629,362.84,1.3862859662661229,Others,Non-binder,Binder,Non-binder
10.0,2-3 SiaLac,150.0,51.0,0.34,4.135,210.888,3.309813739994689,Gained in MDCK,Binder,Binder,Non-binder
10.0,2-3 SiaLac,150.0,51.0,0.34,4.255,216.999,3.0783551997935477,Gained in MDCK,Binder,Binder,Non-binder
10.0,2-3 SiaLac,150.0,51.0,0.34,4.055,206.814,3.287978570116143,Gained in MDCK,Binder,Binder,Non-binder
10.0,2-3 SiaLac,150.0,51.0,0.34,4.333,220.96,3.231354091238233,Gained in MDCK,Binder,Binder,Non-binder
10.0,2-3 SiaLac,150.0,51.0,0.34,3.812,194.41,3.5286250707268145,Gained in MDCK,Binder,Binder,Non-binder
10.0,2-3 SiaLac,150.0,51.0,0.34,2.106,107.388,7.123700972175662,Gained in MDCK,Binder,Binder,Non-binder
10.0,2-3 SiaLac,150.0,87.0,0.58,2.943,256.069,2.636008263397756,Gained in MDCK,Binder,Binder,Non-binder
10.0,2-3 SiaLac,150.0,87.0,0.58,3.089,268.769,2.548657025177755,Gained in MDCK,Binder,Binder,Non-binder
10.0,2-3 SiaLac,150.0,87.0,0.58,2.695,234.46,3.032500213255992,Gained in MDCK,Binder,Binder,Non-binder
10.0,2-3 SiaLac,150.0,87.0,0.58,2.757,239.866,2.976661969599693,Gained in MDCK,Binder,Binder,Non-binder
10.0,2-3 SiaLac,150.0,87.0,0.58,2.778,241.7,3.2933388498138187,Gained in MDCK,Binder,Binder,Non-binder
10.0,2-3 SiaLac,150.0,87.0,0.58,3.699,321.856,2.622290713859614,Gained in MDCK,Binder,Binder,Non-binder
10.0,2-3 SiaLac,200.0,74.0,0.37,4.66,344.841,1.699333895911449,Gained in MDCK,Binder,Binder,Non-binder
10.0,2-3 SiaLac,200.0,74.0,0.37,4.764,352.553,1.5969230158302439,Others,Non-binder,Binder,Non-binder
10.0,2-3 SiaLac,200.0,74.0,0.37,5.189,384.007,1.4765355839867502,Others,Non-binder,Binder,Non-binder
10.0,2-3 SiaLac,200.0,74.0,0.37,4.805,355.543,1.7606871742658412,Gained in MDCK,Binder,Binder,Non-binder
10.0,2-3 SiaLac,200.0,74.0,0.37,4.734,350.296,2.032566743554023,Gained in MDCK,Binder,Binder,Non-binder
10.0,2-3 SiaLac,200.0,74.0,0.37,5.176,382.993,1.9530383061831418,Gained in MDCK,Binder,Binder,Non-binder
10.0,2-3 SiaLac,200.0,104.0,0.52,3.431,356.789,1.8722550302840055,Gained in MDCK,Binder,Binder,Non-binder
10.0,2-3 SiaLac,200.0,104.0,0.52,3.445,358.324,1.8865607662339112,Gained in MDCK,Binder,Binder,Non-binder
10.0,2-3 SiaLac,200.0,104.0,0.52,2.91,302.652,2.223676037164797,Gained in MDCK,Binder,Binder,Non-binder
10.0,2-3 SiaLac,200.0,104.0,0.52,3.515,365.565,1.8464568544581674,Gained in MDCK,Binder,Binder,Non-binder
10.0,2-3 SiaLac,200.0,104.0,0.52,3.447,358.462,1.9695253611261445,Gained in MDCK,Binder,Binder,Non-binder
10.0,2-3 SiaLac,200.0,104.0,0.52,3.535,367.604,1.9695106690895638,Gained in MDCK,Binder,Binder,Non-binder
10.0,2-3 SiaLac,300.0,108.0,0.36,4.063,438.766,1.5931042970512757,Others,Non-binder,Binder,Non-binder
10.0,2-3 SiaLac,300.0,108.0,0.36,4.013,433.403,1.684344593830684,Gained in MDCK,Binder,Binder,Non-binder
10.0,2-3 SiaLac,300.0,108.0,0.36,4.066,439.074,1.7445806401654391,Gained in MDCK,Binder,Binder,Non-binder
10.0,2-3 SiaLac,300.0,108.0,0.36,4.639,501.02,1.8083110454672469,Gained in MDCK,Binder,Binder,Non-binder
10.0,2-3 SiaLac,300.0,108.0,0.36,4.337,468.439,1.7099344845326712,Gained in MDCK,Binder,Binder,Non-binder
10.0,2-3 SiaLac,300.0,108.0,0.36,4.129,445.978,1.863320612227509,Gained in MDCK,Binder,Binder,Non-binder
10.0,2-3 SiaLac,300.0,138.0,0.46,4.312,595.114,0.8468965609950362,Others,Non-binder,Binder,Non-binder
10.0,2-3 SiaLac,300.0,138.0,0.46,4.167,575.032,0.9216878365030119,Others,Non-binder,Binder,Non-binder
10.0,2-3 SiaLac,300.0,138.0,0.46,4.256,587.294,0.9160658886349937,Others,Non-binder,Binder,Non-binder
10.0,2-3 SiaLac,300.0,138.0,0.46,4.277,590.19,0.9895118521154204,Others,Non-binder,Binder,Non-binder
10.0,2-3 SiaLac,300.0,138.0,0.46,4.322,596.369,0.9775826711314639,Others,Non-binder,Binder,Non-binder
10.0,2-3 SiaLac,300.0,138.0,0.46,4.496,620.409,1.2056562686872692,Others,Non-binder,Binder,Non-binder
1.0,2-6 SiaLac,150.0,62.0,2.44,0.021,1.269,339.6375098502758,Conserved,Binder,Binder,Binder
1.0,2-6 SiaLac,150.0,62.0,2.44,0.022,1.361,494.48934606906687,Conserved,Binder,Binder,Binder
1.0,2-6 SiaLac,150.0,62.0,2.44,0.021,1.318,408.9529590288316,Conserved,Binder,Binder,Binder
1.0,2-6 SiaLac,150.0,62.0,2.44,0.021,1.303,316.96085955487337,Conserved,Binder,Binder,Binder
1.0,2-6 SiaLac,150.0,62.0,2.44,0.021,1.318,289.07435508345975,Conserved,Binder,Binder,Binder
1.0,2-6 SiaLac,200.0,110.0,1.82,0.039,4.264,126.17260787992494,Gained in MDCK,Binder,Binder,Non-binder
1.0,2-6 SiaLac,200.0,110.0,1.82,0.042,4.591,84.51317795687214,Others,Non-binder,Binder,Non-binder
1.0,2-6 SiaLac,200.0,110.0,1.82,0.04,4.381,51.129879023054094,Others,Non-binder,Binder,Non-binder
1.0,2-6 SiaLac,200.0,110.0,1.82,0.037,4.116,115.88921282798835,Others,Non-binder,Binder,Non-binder
1.0,2-6 SiaLac,200.0,110.0,1.82,0.035,3.839,122.42771555092472,Gained in MDCK,Binder,Binder,Non-binder
1.0,2-6 SiaLac,300.0,120.0,2.5,0.017,1.983,220.37317196167422,Gained in MDCK,Binder,Binder,Non-binder
1.0,2-6 SiaLac,300.0,120.0,2.5,0.015,1.853,291.4193200215866,Gained in MDCK,Binder,Binder,Non-binder
1.0,2-6 SiaLac,300.0,120.0,2.5,0.015,1.853,267.6740420939018,Gained in MDCK,Binder,Binder,Non-binder
1.0,2-6 SiaLac,300.0,120.0,2.5,0.015,1.762,278.6606129398411,Gained in MDCK,Binder,Binder,Non-binder
1.0,2-6 SiaLac,300.0,120.0,2.5,0.016,1.944,259.77366255144034,Gained in MDCK,Binder,Binder,Non-binder
5.0,2-6 SiaLac,150.0,62.0,2.44,0.049,3.024,75.39682539682539,Others,Non-binder,Non-binder,Non-binder
5.0,2-6 SiaLac,150.0,62.0,2.44,0.049,3.027,45.9200528576148,Others,Non-binder,Non-binder,Non-binder
5.0,2-6 SiaLac,150.0,62.0,2.44,0.045,2.768,59.60982658959538,Others,Non-binder,Non-binder,Non-binder
5.0,2-6 SiaLac,150.0,62.0,2.44,0.035,2.17,70.96774193548387,Others,Non-binder,Non-binder,Non-binder
5.0,2-6 SiaLac,150.0,62.0,2.44,0.04,2.484,86.15136876006441,Others,Non-binder,Non-binder,Non-binder
5.0,2-6 SiaLac,150.0,62.0,2.44,0.058,3.567,84.38463694981778,Others,Non-binder,Non-binder,Non-binder
5.0,2-6 SiaLac,200.0,110.0,1.82,0.086,9.449,121.70600063498783,Others,Binder,Non-binder,Non-binder
5.0,2-6 SiaLac,200.0,110.0,1.82,0.081,8.963,103.87147160548925,Others,Non-binder,Non-binder,Non-binder
5.0,2-6 SiaLac,200.0,110.0,1.82,0.078,8.533,101.25395523262628,Others,Non-binder,Non-binder,Non-binder
5.0,2-6 SiaLac,200.0,110.0,1.82,0.07,7.72,102.72020725388602,Others,Non-binder,Non-binder,Non-binder
5.0,2-6 SiaLac,200.0,110.0,1.82,0.069,7.605,111.63708086785009,Others,Non-binder,Non-binder,Non-binder
5.0,2-6 SiaLac,200.0,110.0,1.82,0.083,9.113,102.05201360693515,Others,Non-binder,Non-binder,Non-binder
5.0,2-6 SiaLac,300.0,120.0,2.5,0.035,4.178,106.98898994734323,Others,Non-binder,Non-binder,Non-binder
5.0,2-6 SiaLac,300.0,120.0,2.5,0.035,4.214,89.22638822971048,Others,Non-binder,Non-binder,Non-binder
5.0,2-6 SiaLac,300.0,120.0,2.5,0.03,3.607,42.97199889104519,Others,Non-binder,Non-binder,Non-binder
5.0,2-6 SiaLac,300.0,120.0,2.5,0.031,3.709,73.33513076300889,Others,Non-binder,Non-binder,Non-binder
5.0,2-6 SiaLac,300.0,120.0,2.5,0.032,3.833,76.44142968953821,Others,Non-binder,Non-binder,Non-binder
5.0,2-6 SiaLac,300.0,120.0,2.5,0.031,3.779,128.6054511775602,Others,Binder,Non-binder,Non-binder
10.0,2-6 SiaLac,150.0,62.0,2.44,0.061,3.768,85.45647558386412,Others,Non-binder,Non-binder,Non-binder
10.0,2-6 SiaLac,150.0,62.0,2.44,0.051,3.14,86.30573248407643,Others,Non-binder,Non-binder,Non-binder
10.0,2-6 SiaLac,150.0,62.0,2.44,0.051,3.14,90.44585987261146,Others,Non-binder,Non-binder,Non-binder
10.0,2-6 SiaLac,150.0,62.0,2.44,0.058,3.58,56.98324022346369,Others,Non-binder,Non-binder,Non-binder
10.0,2-6 SiaLac,150.0,62.0,2.44,0.06,3.737,103.55900454910356,Others,Non-binder,Non-binder,Non-binder
10.0,2-6 SiaLac,150.0,62.0,2.44,0.042,2.607,211.73762945914842,Others,Binder,Non-binder,Non-binder
10.0,2-6 SiaLac,200.0,110.0,1.82,0.094,10.288,94.96500777604976,Others,Non-binder,Non-binder,Non-binder
10.0,2-6 SiaLac,200.0,110.0,1.82,0.094,10.334,112.63789432939811,Others,Non-binder,Non-binder,Non-binder
10.0,2-6 SiaLac,200.0,110.0,1.82,0.094,10.38,108.57418111753371,Others,Non-binder,Non-binder,Non-binder
10.0,2-6 SiaLac,200.0,110.0,1.82,0.102,11.255,98.17858729453576,Others,Non-binder,Non-binder,Non-binder
10.0,2-6 SiaLac,200.0,110.0,1.82,0.103,11.369,104.31876154455098,Others,Non-binder,Non-binder,Non-binder
10.0,2-6 SiaLac,200.0,110.0,1.82,0.1,10.977,112.5079712125353,Others,Non-binder,Non-binder,Non-binder
10.0,2-6 SiaLac,300.0,120.0,2.5,0.047,5.631,76.54057893802167,Others,Non-binder,Non-binder,Non-binder
10.0,2-6 SiaLac,300.0,120.0,2.5,0.051,6.086,96.12224778179427,Others,Non-binder,Non-binder,Non-binder
10.0,2-6 SiaLac,300.0,120.0,2.5,0.048,5.722,83.01293254106955,Others,Non-binder,Non-binder,Non-binder
10.0,2-6 SiaLac,300.0,120.0,2.5,0.054,6.513,100.56809458007064,Others,Non-binder,Non-binder,Non-binder
10.0,2-6 SiaLac,300.0,120.0,2.5,0.051,6.163,115.3658932338147,Others,Non-binder,Non-binder,Non-binder
10.0,2-6 SiaLac,300.0,120.0,2.5,0.05,5.968,130.19436997319036,Others,Binder,Non-binder,Non-binder
1.0,2-3 SiaLac,150.0,60.0,2.5,0.024,1.465,1488.0546075085324,Conserved,Binder,Binder,Binder
1.0,2-3 SiaLac,150.0,60.0,2.5,0.025,1.502,667.7762982689748,Conserved,Binder,Binder,Binder
1.0,2-3 SiaLac,150.0,60.0,2.5,0.024,1.452,764.4628099173553,Conserved,Binder,Binder,Binder
1.0,2-3 SiaLac,150.0,60.0,2.5,0.021,1.255,731.4741035856574,Conserved,Binder,Binder,Binder
1.0,2-3 SiaLac,150.0,60.0,2.5,0.019,1.169,876.8177929854576,Conserved,Binder,Binder,Binder
1.0,2-3 SiaLac,200.0,116.0,1.72,0.039,4.546,690.2771667399911,Conserved,Binder,Binder,Binder
1.0,2-3 SiaLac,200.0,116.0,1.72,0.036,4.203,548.417796811801,Conserved,Binder,Binder,Binder
1.0,2-3 SiaLac,200.0,116.0,1.72,0.04,4.638,554.980595084088,Conserved,Binder,Binder,Binder
1.0,2-3 SiaLac,200.0,116.0,1.72,0.04,4.583,497.054331224089,Conserved,Binder,Binder,Binder
1.0,2-3 SiaLac,200.0,116.0,1.72,0.035,4.048,423.4189723320158,Conserved,Binder,Binder,Binder
1.0,2-3 SiaLac,200.0,116.0,1.72,0.038,4.453,358.4100606332809,Conserved,Binder,Binder,Binder
1.0,2-3 SiaLac,300.0,147.0,2.04,0.007,0.976,1676.2295081967213,Conserved,Binder,Binder,Binder
1.0,2-3 SiaLac,300.0,147.0,2.04,0.007,1.013,839.0918065153012,Conserved,Binder,Binder,Binder
1.0,2-3 SiaLac,300.0,147.0,2.04,0.006,0.925,1045.4054054054054,Conserved,Binder,Binder,Binder
1.0,2-3 SiaLac,300.0,147.0,2.04,0.006,0.89,641.5730337078652,Conserved,Binder,Binder,Binder
1.0,2-3 SiaLac,300.0,147.0,2.04,0.006,0.873,1064.1466208476518,Conserved,Binder,Binder,Binder
1.0,2-3 SiaLac,300.0,147.0,2.04,0.006,0.921,1043.4310532030402,Conserved,Binder,Binder,Binder
5.0,2-3 SiaLac,150.0,60.0,2.5,0.049,2.929,589.9624445203141,Conserved,Binder,Binder,Binder
5.0,2-3 SiaLac,150.0,60.0,2.5,0.056,3.36,529.7619047619048,Conserved,Binder,Binder,Binder
5.0,2-3 SiaLac,150.0,60.0,2.5,0.047,2.831,507.24125750618157,Conserved,Binder,Binder,Binder
5.0,2-3 SiaLac,150.0,60.0,2.5,0.054,3.225,537.0542635658915,Conserved,Binder,Binder,Binder
5.0,2-3 SiaLac,150.0,60.0,2.5,0.053,3.175,596.220472440945,Conserved,Binder,Binder,Binder
5.0,2-3 SiaLac,150.0,60.0,2.5,0.05,3.003,572.7605727605727,Conserved,Binder,Binder,Binder
5.0,2-3 SiaLac,200.0,116.0,1.72,0.077,8.981,324.351408529117,Conserved,Binder,Binder,Binder
5.0,2-3 SiaLac,200.0,116.0,1.72,0.052,6.013,444.0379178446699,Conserved,Binder,Binder,Binder
5.0,2-3 SiaLac,200.0,116.0,1.72,0.075,8.682,300.0460723335637,Conserved,Binder,Binder,Binder
5.0,2-3 SiaLac,200.0,116.0,1.72,0.08,9.332,289.75567938276896,Conserved,Binder,Binder,Binder
5.0,2-3 SiaLac,200.0,116.0,1.72,0.074,8.544,341.29213483146066,Conserved,Binder,Binder,Binder
5.0,2-3 SiaLac,200.0,116.0,1.72,0.072,8.303,332.5304106949295,Conserved,Binder,Binder,Binder
5.0,2-3 SiaLac,300.0,147.0,2.04,0.02,2.928,525.2732240437159,Conserved,Binder,Binder,Binder
5.0,2-3 SiaLac,300.0,147.0,2.04,0.018,2.633,474.743638435245,Conserved,Binder,Binder,Binder
5.0,2-3 SiaLac,300.0,147.0,2.04,0.017,2.551,593.4927479419835,Conserved,Binder,Binder,Binder
5.0,2-3 SiaLac,300.0,147.0,2.04,0.018,2.633,489.9354348651728,Conserved,Binder,Binder,Binder
5.0,2-3 SiaLac,300.0,147.0,2.04,0.018,2.615,410.3250478011472,Conserved,Binder,Binder,Binder
5.0,2-3 SiaLac,300.0,147.0,2.04,0.018,2.652,605.580693815988,Conserved,Binder,Binder,Binder
10.0,2-3 SiaLac,150.0,60.0,2.5,0.063,3.772,543.7433722163308,Conserved,Binder,Binder,Binder
10.0,2-3 SiaLac,150.0,60.0,2.5,0.064,3.829,635.4139462000522,Conserved,Binder,Binder,Binder
10.0,2-3 SiaLac,150.0,60.0,2.5,0.063,3.758,613.8903672166045,Conserved,Binder,Binder,Binder
10.0,2-3 SiaLac,150.0,60.0,2.5,0.055,3.32,720.1807228915663,Conserved,Binder,Binder,Binder
10.0,2-3 SiaLac,150.0,60.0,2.5,0.066,3.956,646.6127401415571,Conserved,Binder,Binder,Binder
10.0,2-3 SiaLac,150.0,60.0,2.5,0.065,3.914,851.5585079202862,Conserved,Binder,Binder,Binder
10.0,2-3 SiaLac,200.0,116.0,1.72,0.112,13.028,278.17009517961316,Conserved,Binder,Binder,Binder
10.0,2-3 SiaLac,200.0,116.0,1.72,0.111,12.917,308.3533328172176,Conserved,Binder,Binder,Binder
10.0,2-3 SiaLac,200.0,116.0,1.72,0.111,12.861,319.88181323380763,Conserved,Binder,Binder,Binder
10.0,2-3 SiaLac,200.0,116.0,1.72,0.111,12.843,306.8597679669859,Conserved,Binder,Binder,Binder
10.0,2-3 SiaLac,200.0,116.0,1.72,0.11,12.732,334.5900094250707,Conserved,Binder,Binder,Binder
10.0,2-3 SiaLac,200.0,116.0,1.72,0.12,13.971,364.46925774819266,Conserved,Binder,Binder,Binder
10.0,2-3 SiaLac,300.0,147.0,2.04,0.014,2.131,1481.4641013608637,Gained in MDCK,Binder,Binder,Non-binder
10.0,2-3 SiaLac,300.0,147.0,2.04,0.017,2.552,1288.0094043887148,Gained in MDCK,Binder,Binder,Non-binder
10.0,2-3 SiaLac,300.0,147.0,2.04,0.014,2.023,2101.8289668808698,Gained in MDCK,Binder,Binder,Non-binder
10.0,2-3 SiaLac,300.0,147.0,2.04,0.034,5.012,814.8443735035914,Gained in MDCK,Binder,Binder,Non-binder
10.0,2-3 SiaLac,300.0,147.0,2.04,0.015,2.226,1890.386343216532,Gained in MDCK,Binder,Binder,Non-binder
10.0,2-3 SiaLac,300.0,147.0,2.04,0.014,2.028,1475.8382642998026,Gained in MDCK,Binder,Binder,Non-binder
1.0,2-6 SiaLac,150.0,62.0,2.44,0.016,0.972,188.27160493827162,Conserved,Binder,Binder,Binder
1.0,2-6 SiaLac,150.0,62.0,2.44,0.012,0.733,499.31787175989086,Conserved,Binder,Binder,Binder
1.0,2-6 SiaLac,150.0,62.0,2.44,0.017,1.04,433.65384615384613,Conserved,Binder,Binder,Binder
1.0,2-6 SiaLac,150.0,62.0,2.44,0.023,1.402,308.8445078459344,Conserved,Binder,Binder,Binder
1.0,2-6 SiaLac,150.0,62.0,2.44,0.023,1.386,75.03607503607505,Others,Non-binder,Binder,Binder
1.0,2-6 SiaLac,200.0,110.0,1.82,0.029,3.234,195.1144094001237,Gained in MDCK,Binder,Binder,Non-binder
1.0,2-6 SiaLac,200.0,110.0,1.82,0.024,2.671,93.5979034069637,Others,Non-binder,Binder,Non-binder
1.0,2-6 SiaLac,200.0,110.0,1.82,0.029,3.169,91.51151782896812,Others,Non-binder,Binder,Non-binder
1.0,2-6 SiaLac,200.0,110.0,1.82,0.031,3.452,95.8864426419467,Others,Non-binder,Binder,Non-binder
1.0,2-6 SiaLac,200.0,110.0,1.82,0.026,2.875,102.26086956521739,Others,Non-binder,Binder,Non-binder
1.0,2-6 SiaLac,200.0,110.0,1.82,0.034,3.697,81.68785501758182,Others,Non-binder,Binder,Non-binder
1.0,2-6 SiaLac,300.0,120.0,2.5,0.013,1.58,310.75949367088606,Gained in MDCK,Binder,Binder,Non-binder
1.0,2-6 SiaLac,300.0,120.0,2.5,0.012,1.49,340.2684563758389,Gained in MDCK,Binder,Binder,Non-binder
1.0,2-6 SiaLac,300.0,120.0,2.5,0.014,1.691,302.7794204612655,Gained in MDCK,Binder,Binder,Non-binder
1.0,2-6 SiaLac,300.0,120.0,2.5,0.014,1.689,355.23978685612786,Gained in MDCK,Binder,Binder,Non-binder
1.0,2-6 SiaLac,300.0,120.0,2.5,0.015,1.773,104.34292160180486,Others,Non-binder,Binder,Non-binder
1.0,2-6 SiaLac,300.0,120.0,2.5,0.015,1.835,253.95095367847412,Gained in MDCK,Binder,Binder,Non-binder
5.0,2-6 SiaLac,150.0,62.0,2.44,0.051,3.128,44.11764705882353,Others,Non-binder,Non-binder,Non-binder
5.0,2-6 SiaLac,150.0,62.0,2.44,0.05,3.07,52.76872964169382,Others,Non-binder,Non-binder,Non-binder
5.0,2-6 SiaLac,150.0,62.0,2.44,0.053,3.23,27.554179566563466,Others,Non-binder,Non-binder,Non-binder
5.0,2-6 SiaLac,150.0,62.0,2.44,0.053,3.23,30.03095975232198,Others,Non-binder,Non-binder,Non-binder
5.0,2-6 SiaLac,150.0,62.0,2.44,0.051,3.157,20.589166930630345,Others,Non-binder,Non-binder,Non-binder
5.0,2-6 SiaLac,150.0,62.0,2.44,0.053,3.244,36.066584463625155,Others,Non-binder,Non-binder,Non-binder
5.0,2-6 SiaLac,200.0,110.0,1.82,0.083,9.128,85.67046450482033,Others,Non-binder,Non-binder,Non-binder
5.0,2-6 SiaLac,200.0,110.0,1.82,0.083,9.113,66.49840886645453,Others,Non-binder,Non-binder,Non-binder
5.0,2-6 SiaLac,200.0,110.0,1.82,0.088,9.647,59.50036280709028,Others,Non-binder,Non-binder,Non-binder
5.0,2-6 SiaLac,200.0,110.0,1.82,0.088,9.708,72.41450350226617,Others,Non-binder,Non-binder,Non-binder
5.0,2-6 SiaLac,200.0,110.0,1.82,0.087,9.54,75.8909853249476,Others,Non-binder,Non-binder,Non-binder
5.0,2-6 SiaLac,200.0,110.0,1.82,0.091,9.997,70.22106631989597,Others,Non-binder,Non-binder,Non-binder
5.0,2-6 SiaLac,300.0,120.0,2.5,0.029,3.539,65.55524159367053,Others,Non-binder,Non-binder,Non-binder
5.0,2-6 SiaLac,300.0,120.0,2.5,0.03,3.59,56.82451253481894,Others,Non-binder,Non-binder,Non-binder
5.0,2-6 SiaLac,300.0,120.0,2.5,0.028,3.401,66.1570126433402,Others,Non-binder,Non-binder,Non-binder
5.0,2-6 SiaLac,300.0,120.0,2.5,0.031,3.743,52.36441357200107,Others,Non-binder,Non-binder,Non-binder
5.0,2-6 SiaLac,300.0,120.0,2.5,0.033,3.978,45.24886877828054,Others,Non-binder,Non-binder,Non-binder
5.0,2-6 SiaLac,300.0,120.0,2.5,0.036,4.355,46.38346727898966,Others,Non-binder,Non-binder,Non-binder
10.0,2-6 SiaLac,150.0,62.0,2.44,0.049,3.015,69.98341625207297,Others,Non-binder,Non-binder,Non-binder
10.0,2-6 SiaLac,150.0,62.0,2.44,0.048,2.964,66.80161943319838,Others,Non-binder,Non-binder,Non-binder
10.0,2-6 SiaLac,150.0,62.0,2.44,0.053,3.285,42.31354642313546,Others,Non-binder,Non-binder,Non-binder
10.0,2-6 SiaLac,150.0,62.0,2.44,0.041,2.57,94.94163424124514,Others,Non-binder,Non-binder,Non-binder
10.0,2-6 SiaLac,150.0,62.0,2.44,0.051,3.139,231.28384835935012,Others,Binder,Non-binder,Non-binder
10.0,2-6 SiaLac,150.0,62.0,2.44,0.05,3.078,107.53736192332684,Others,Non-binder,Non-binder,Non-binder
10.0,2-6 SiaLac,200.0,110.0,1.82,0.104,11.451,67.24303554274735,Others,Non-binder,Non-binder,Non-binder
10.0,2-6 SiaLac,200.0,110.0,1.82,0.097,10.716,75.12131392310565,Others,Non-binder,Non-binder,Non-binder
10.0,2-6 SiaLac,200.0,110.0,1.82,0.104,11.451,78.59575582918522,Others,Non-binder,Non-binder,Non-binder
10.0,2-6 SiaLac,200.0,110.0,1.82,0.105,11.516,85.09899270580063,Others,Non-binder,Non-binder,Non-binder
10.0,2-6 SiaLac,200.0,110.0,1.82,0.101,11.157,117.5943353948194,Others,Binder,Non-binder,Non-binder
10.0,2-6 SiaLac,200.0,110.0,1.82,0.094,10.365,123.87843704775688,Others,Binder,Non-binder,Non-binder
10.0,2-6 SiaLac,300.0,120.0,2.5,0.052,6.299,59.0569931735196,Others,Non-binder,Non-binder,Non-binder
10.0,2-6 SiaLac,300.0,120.0,2.5,0.049,5.868,77.88002726653033,Others,Non-binder,Non-binder,Non-binder
10.0,2-6 SiaLac,300.0,120.0,2.5,0.053,6.376,68.53826850690088,Others,Non-binder,Non-binder,Non-binder
10.0,2-6 SiaLac,300.0,120.0,2.5,0.053,6.376,105.70890840652446,Others,Non-binder,Non-binder,Non-binder
10.0,2-6 SiaLac,300.0,120.0,2.5,0.052,6.24,110.57692307692308,Others,Non-binder,Non-binder,Non-binder
10.0,2-6 SiaLac,300.0,120.0,2.5,0.047,5.668,127.20536344389555,Others,Binder,Non-binder,Non-binder
1.0,2-3 SiaLac,150.0,60.0,2.5,0.017,1.049,1755.0047664442327,Conserved,Binder,Binder,Binder
1.0,2-3 SiaLac,150.0,60.0,2.5,0.011,0.639,1694.8356807511736,Conserved,Binder,Binder,Binder
1.0,2-3 SiaLac,150.0,60.0,2.5,0.016,0.984,790.650406504065,Conserved,Binder,Binder,Binder
1.0,2-3 SiaLac,150.0,60.0,2.5,0.024,1.428,726.890756302521,Conserved,Binder,Binder,Binder
1.0,2-3 SiaLac,150.0,60.0,2.5,0.022,1.317,980.2581624905088,Conserved,Binder,Binder,Binder
1.0,2-3 SiaLac,150.0,60.0,2.5,0.025,1.528,738.8743455497382,Conserved,Binder,Binder,Binder
1.0,2-3 SiaLac,200.0,116.0,1.72,0.031,3.566,769.7700504767247,Conserved,Binder,Binder,Binder
1.0,2-3 SiaLac,200.0,116.0,1.72,0.031,3.549,420.9636517328825,Conserved,Binder,Binder,Binder
1.0,2-3 SiaLac,200.0,116.0,1.72,0.039,4.472,493.29159212880137,Conserved,Binder,Binder,Binder
1.0,2-3 SiaLac,200.0,116.0,1.72,0.038,4.398,507.9581628012733,Conserved,Binder,Binder,Binder
1.0,2-3 SiaLac,200.0,116.0,1.72,0.036,4.213,475.4331830049846,Conserved,Binder,Binder,Binder
1.0,2-3 SiaLac,200.0,116.0,1.72,0.04,4.638,487.2789995687797,Conserved,Binder,Binder,Binder
1.0,2-3 SiaLac,300.0,147.0,2.04,0.006,0.921,2130.2931596091203,Conserved,Binder,Binder,Binder
1.0,2-3 SiaLac,300.0,147.0,2.04,0.007,1.031,1222.114451988361,Conserved,Binder,Binder,Binder
1.0,2-3 SiaLac,300.0,147.0,2.04,0.007,0.958,1369.5198329853863,Conserved,Binder,Binder,Binder
1.0,2-3 SiaLac,300.0,147.0,2.04,0.006,0.939,1448.349307774228,Conserved,Binder,Binder,Binder
1.0,2-3 SiaLac,300.0,147.0,2.04,0.006,0.939,1506.9222577209798,Conserved,Binder,Binder,Binder
1.0,2-3 SiaLac,300.0,147.0,2.04,0.006,0.939,1288.604898828541,Conserved,Binder,Binder,Binder
5.0,2-3 SiaLac,150.0,60.0,2.5,0.049,2.942,519.3745751189666,Conserved,Binder,Binder,Binder
5.0,2-3 SiaLac,150.0,60.0,2.5,0.053,3.201,464.2299281474539,Conserved,Binder,Binder,Binder
5.0,2-3 SiaLac,150.0,60.0,2.5,0.055,3.299,436.1927856926341,Conserved,Binder,Binder,Binder
5.0,2-3 SiaLac,150.0,60.0,2.5,0.058,3.508,437.0011402508552,Conserved,Binder,Binder,Binder
5.0,2-3 SiaLac,150.0,60.0,2.5,0.046,2.769,429.7580353918382,Conserved,Binder,Binder,Binder
5.0,2-3 SiaLac,150.0,60.0,2.5,0.057,3.419,454.81134834747,Conserved,Binder,Binder,Binder
5.0,2-3 SiaLac,200.0,116.0,1.72,0.082,9.517,323.1060208048755,Conserved,Binder,Binder,Binder
5.0,2-3 SiaLac,200.0,116.0,1.72,0.082,9.535,282.0136339800734,Conserved,Binder,Binder,Binder
5.0,2-3 SiaLac,200.0,116.0,1.72,0.081,9.443,240.38970666101875,Conserved,Binder,Binder,Binder
5.0,2-3 SiaLac,200.0,116.0,1.72,0.082,9.535,257.5773466177242,Conserved,Binder,Binder,Binder
5.0,2-3 SiaLac,200.0,116.0,1.72,0.082,9.535,257.6822233875197,Conserved,Binder,Binder,Binder
5.0,2-3 SiaLac,200.0,116.0,1.72,0.081,9.443,279.04267711532356,Conserved,Binder,Binder,Binder
5.0,2-3 SiaLac,300.0,147.0,2.04,0.02,2.909,584.0495015469234,Conserved,Binder,Binder,Binder
5.0,2-3 SiaLac,300.0,147.0,2.04,0.018,2.637,585.5138414865378,Conserved,Binder,Binder,Binder
5.0,2-3 SiaLac,300.0,147.0,2.04,0.02,2.965,629.3423271500843,Conserved,Binder,Binder,Binder
5.0,2-3 SiaLac,300.0,147.0,2.04,0.018,2.688,1029.017857142857,Conserved,Binder,Binder,Binder
5.0,2-3 SiaLac,300.0,147.0,2.04,0.02,2.928,450.81967213114757,Conserved,Binder,Binder,Binder
5.0,2-3 SiaLac,300.0,147.0,2.04,0.02,2.946,550.2376103190767,Conserved,Binder,Binder,Binder
10.0,2-3 SiaLac,150.0,60.0,2.5,0.048,2.868,689.3305439330544,Conserved,Binder,Binder,Binder
10.0,2-3 SiaLac,150.0,60.0,2.5,0.059,3.569,545.5309610535164,Conserved,Binder,Binder,Binder
10.0,2-3 SiaLac,150.0,60.0,2.5,0.048,2.871,597.352838732149,Conserved,Binder,Binder,Binder
10.0,2-3 SiaLac,150.0,60.0,2.5,0.051,3.082,635.3017521090202,Conserved,Binder,Binder,Binder
10.0,2-3 SiaLac,150.0,60.0,2.5,0.065,3.886,667.7817807514153,Conserved,Binder,Binder,Binder
10.0,2-3 SiaLac,150.0,60.0,2.5,0.05,3.029,800.2641135688347,Conserved,Binder,Binder,Binder
10.0,2-3 SiaLac,200.0,116.0,1.72,0.116,13.514,220.06807754920823,Conserved,Binder,Binder,Binder
10.0,2-3 SiaLac,200.0,116.0,1.72,0.112,12.991,252.86736971749673,Conserved,Binder,Binder,Binder
10.0,2-3 SiaLac,200.0,116.0,1.72,0.109,12.695,289.0901929893659,Conserved,Binder,Binder,Binder
10.0,2-3 SiaLac,200.0,116.0,1.72,0.1,11.576,350.1209398756047,Conserved,Binder,Binder,Binder
10.0,2-3 SiaLac,200.0,116.0,1.72,0.108,12.51,317.50599520383696,Conserved,Binder,Binder,Binder
10.0,2-3 SiaLac,200.0,116.0,1.72,0.098,11.421,425.96970492951584,Conserved,Binder,Binder,Binder
10.0,2-3 SiaLac,300.0,147.0,2.04,0.049,7.149,382.15134983913833,Gained in MDCK,Binder,Binder,Non-binder
10.0,2-3 SiaLac,300.0,147.0,2.04,0.062,9.15,309.39890710382514,Gained in MDCK,Binder,Binder,Non-binder
10.0,2-3 SiaLac,300.0,147.0,2.04,0.063,9.325,318.1769436997319,Gained in MDCK,Binder,Binder,Non-binder
10.0,2-3 SiaLac,300.0,147.0,2.04,0.076,11.23,275.60106856634013,Gained in MDCK,Binder,Binder,Non-binder
10.0,2-3 SiaLac,300.0,147.0,2.04,0.105,15.422,196.2780443522241,Gained in MDCK,Binder,Binder,Non-binder
10.0,2-3 SiaLac,300.0,147.0,2.04,0.084,12.29,242.14808787632222,Gained in MDCK,Binder,Binder,Non-binder
1.0,2-6 SiaLac,150.0,62.0,2.44,0.02,1.231,875.7108042242079,Conserved,Binder,Binder,Binder
1.0,2-6 SiaLac,150.0,62.0,2.44,0.017,1.026,928.8499025341131,Conserved,Binder,Binder,Binder
1.0,2-6 SiaLac,150.0,62.0,2.44,0.019,1.188,807.2390572390573,Conserved,Binder,Binder,Binder
1.0,2-6 SiaLac,150.0,62.0,2.44,0.016,0.999,721.7217217217217,Conserved,Binder,Binder,Binder
1.0,2-6 SiaLac,150.0,62.0,2.44,0.017,1.053,510.9211775878443,Conserved,Binder,Binder,Binder
1.0,2-6 SiaLac,150.0,62.0,2.44,0.02,1.23,408.9430894308943,Conserved,Binder,Binder,Binder
1.0,2-6 SiaLac,200.0,110.0,1.82,0.031,3.365,149.18276374442792,Gained in MDCK,Binder,Binder,Non-binder
1.0,2-6 SiaLac,200.0,110.0,1.82,0.035,3.838,65.65919749869724,Others,Non-binder,Binder,Non-binder
1.0,2-6 SiaLac,200.0,110.0,1.82,0.034,3.785,47.556142668428,Others,Non-binder,Binder,Non-binder
1.0,2-6 SiaLac,200.0,110.0,1.82,0.032,3.545,184.7672778561354,Gained in MDCK,Binder,Binder,Non-binder
1.0,2-6 SiaLac,200.0,110.0,1.82,0.034,3.75,170.93333333333334,Gained in MDCK,Binder,Binder,Non-binder
1.0,2-6 SiaLac,300.0,120.0,2.5,0.014,1.708,389.344262295082,Gained in MDCK,Binder,Binder,Non-binder
1.0,2-6 SiaLac,300.0,120.0,2.5,0.015,1.847,302.11153221440173,Gained in MDCK,Binder,Binder,Non-binder
1.0,2-6 SiaLac,300.0,120.0,2.5,0.016,1.886,254.5068928950159,Gained in MDCK,Binder,Binder,Non-binder
1.0,2-6 SiaLac,300.0,120.0,2.5,0.014,1.708,361.24121779859485,Gained in MDCK,Binder,Binder,Non-binder
1.0,2-6 SiaLac,300.0,120.0,2.5,0.015,1.78,383.14606741573033,Gained in MDCK,Binder,Binder,Non-binder
1.0,2-6 SiaLac,300.0,120.0,2.5,0.016,1.886,299.57582184517497,Gained in MDCK,Binder,Binder,Non-binder
5.0,2-6 SiaLac,150.0,62.0,2.44,0.05,3.056,158.37696335078533,Others,Binder,Non-binder,Non-binder
5.0,2-6 SiaLac,150.0,62.0,2.44,0.047,2.896,184.39226519337018,Others,Binder,Non-binder,Non-binder
5.0,2-6 SiaLac,150.0,62.0,2.44,0.046,2.81,194.66192170818505,Others,Binder,Non-binder,Non-binder
5.0,2-6 SiaLac,150.0,62.0,2.44,0.045,2.752,194.40406976744188,Others,Binder,Non-binder,Non-binder
5.0,2-6 SiaLac,150.0,62.0,2.44,0.043,2.65,72.45283018867924,Others,Non-binder,Non-binder,Non-binder
5.0,2-6 SiaLac,200.0,110.0,1.82,0.085,9.342,97.73067865553413,Others,Binder,Non-binder,Non-binder
5.0,2-6 SiaLac,200.0,110.0,1.82,0.078,8.609,107.44569636426995,Others,Binder,Non-binder,Non-binder
5.0,2-6 SiaLac,200.0,110.0,1.82,0.079,8.701,106.19469026548671,Others,Binder,Non-binder,Non-binder
5.0,2-6 SiaLac,200.0,110.0,1.82,0.076,8.319,106.50318547902391,Others,Binder,Non-binder,Non-binder
5.0,2-6 SiaLac,200.0,110.0,1.82,0.074,8.182,101.68662918601808,Others,Binder,Non-binder,Non-binder
5.0,2-6 SiaLac,200.0,110.0,1.82,0.078,8.543,120.9177104061805,Others,Binder,Non-binder,Non-binder
5.0,2-6 SiaLac,300.0,120.0,2.5,0.085,10.149,79.41669129963545,Others,Non-binder,Non-binder,Non-binder
5.0,2-6 SiaLac,300.0,120.0,2.5,0.038,4.53,137.7483443708609,Others,Binder,Non-binder,Non-binder
5.0,2-6 SiaLac,300.0,120.0,2.5,0.036,4.374,60.81390032007317,Others,Non-binder,Non-binder,Non-binder
5.0,2-6 SiaLac,300.0,120.0,2.5,0.034,4.024,136.18290258449304,Others,Binder,Non-binder,Non-binder
5.0,2-6 SiaLac,300.0,120.0,2.5,0.033,4.005,69.66292134831461,Others,Non-binder,Non-binder,Non-binder
5.0,2-6 SiaLac,300.0,120.0,2.5,0.032,3.83,172.3237597911227,Others,Binder,Non-binder,Non-binder
10.0,2-6 SiaLac,150.0,62.0,2.44,0.035,2.15,304.1860465116279,Others,Binder,Non-binder,Non-binder
10.0,2-6 SiaLac,150.0,62.0,2.44,0.043,2.681,279.3733681462141,Others,Binder,Non-binder,Non-binder
10.0,2-6 SiaLac,150.0,62.0,2.44,0.041,2.572,176.5163297045101,Others,Binder,Non-binder,Non-binder
10.0,2-6 SiaLac,150.0,62.0,2.44,0.043,2.681,169.3397985826184,Others,Binder,Non-binder,Non-binder
10.0,2-6 SiaLac,150.0,62.0,2.44,0.038,2.368,174.4087837837838,Others,Binder,Non-binder,Non-binder
10.0,2-6 SiaLac,200.0,110.0,1.82,0.085,9.342,131.12823806465425,Others,Binder,Non-binder,Non-binder
10.0,2-6 SiaLac,200.0,110.0,1.82,0.081,8.96,113.95089285714285,Others,Binder,Non-binder,Non-binder
10.0,2-6 SiaLac,200.0,110.0,1.82,0.075,8.304,96.09826589595376,Others,Binder,Non-binder,Non-binder
10.0,2-6 SiaLac,200.0,110.0,1.82,0.08,8.808,82.19800181653042,Others,Non-binder,Non-binder,Non-binder
10.0,2-6 SiaLac,200.0,110.0,1.82,0.072,7.963,97.57629034283562,Others,Binder,Non-binder,Non-binder
10.0,2-6 SiaLac,200.0,110.0,1.82,0.082,8.984,104.74176313446127,Others,Binder,Non-binder,Non-binder
10.0,2-6 SiaLac,300.0,120.0,2.5,0.046,5.468,73.33577176298463,Others,Non-binder,Non-binder,Non-binder
10.0,2-6 SiaLac,300.0,120.0,2.5,0.043,5.177,83.44601120339966,Others,Non-binder,Non-binder,Non-binder
10.0,2-6 SiaLac,300.0,120.0,2.5,0.044,5.286,117.66931517215286,Others,Binder,Non-binder,Non-binder
10.0,2-6 SiaLac,300.0,120.0,2.5,0.041,4.905,39.347604485219165,Others,Non-binder,Non-binder,Non-binder
10.0,2-6 SiaLac,300.0,120.0,2.5,0.038,4.508,67.65749778172139,Others,Non-binder,Non-binder,Non-binder
10.0,2-6 SiaLac,300.0,120.0,2.5,0.041,4.977,102.06951979103877,Others,Binder,Non-binder,Non-binder
1.0,2-3 SiaLac,150.0,60.0,2.5,0.02,1.194,1277.2194304857621,Conserved,Binder,Binder,Binder
1.0,2-3 SiaLac,150.0,60.0,2.5,0.021,1.255,999.203187250996,Conserved,Binder,Binder,Binder
1.0,2-3 SiaLac,150.0,60.0,2.5,0.022,1.33,796.9924812030075,Conserved,Binder,Binder,Binder
1.0,2-3 SiaLac,150.0,60.0,2.5,0.022,1.291,1057.3199070487995,Conserved,Binder,Binder,Binder
1.0,2-3 SiaLac,150.0,60.0,2.5,0.021,1.278,865.414710485133,Conserved,Binder,Binder,Binder
1.0,2-3 SiaLac,150.0,60.0,2.5,0.022,1.317,789.6735003796507,Conserved,Binder,Binder,Binder
1.0,2-3 SiaLac,200.0,116.0,1.72,0.035,4.102,487.07947342759627,Conserved,Binder,Binder,Binder
1.0,2-3 SiaLac,200.0,116.0,1.72,0.033,3.876,478.328173374613,Conserved,Binder,Binder,Binder
1.0,2-3 SiaLac,200.0,116.0,1.72,0.035,4.084,339.61802154750245,Conserved,Binder,Binder,Binder
1.0,2-3 SiaLac,200.0,116.0,1.72,0.035,4.084,396.669931439765,Conserved,Binder,Binder,Binder
1.0,2-3 SiaLac,200.0,116.0,1.72,0.034,3.973,339.0385099421093,Conserved,Binder,Binder,Binder
1.0,2-3 SiaLac,200.0,116.0,1.72,0.031,3.622,305.35615681943676,Conserved,Binder,Binder,Binder
1.0,2-3 SiaLac,300.0,147.0,2.04,0.006,0.921,1325.7328990228013,Conserved,Binder,Binder,Binder
1.0,2-3 SiaLac,300.0,147.0,2.04,0.006,0.921,1056.4603691639522,Conserved,Binder,Binder,Binder
1.0,2-3 SiaLac,300.0,147.0,2.04,0.006,0.884,1142.5339366515836,Conserved,Binder,Binder,Binder
1.0,2-3 SiaLac,300.0,147.0,2.04,0.006,0.865,1056.6473988439307,Conserved,Binder,Binder,Binder
1.0,2-3 SiaLac,300.0,147.0,2.04,0.006,0.822,1008.5158150851582,Conserved,Binder,Binder,Binder
1.0,2-3 SiaLac,300.0,147.0,2.04,0.006,0.902,961.1973392461197,Conserved,Binder,Binder,Binder
5.0,2-3 SiaLac,150.0,60.0,2.5,0.054,3.225,457.984496124031,Conserved,Binder,Binder,Binder
5.0,2-3 SiaLac,150.0,60.0,2.5,0.056,3.332,362.8451380552221,Conserved,Binder,Binder,Binder
5.0,2-3 SiaLac,150.0,60.0,2.5,0.048,2.855,341.85639229422065,Conserved,Binder,Binder,Binder
5.0,2-3 SiaLac,150.0,60.0,2.5,0.052,3.148,265.8831003811944,Conserved,Binder,Binder,Binder
5.0,2-3 SiaLac,150.0,60.0,2.5,0.053,3.174,392.87964713295526,Conserved,Binder,Binder,Binder
5.0,2-3 SiaLac,150.0,60.0,2.5,0.043,2.555,518.5909980430528,Conserved,Binder,Binder,Binder
5.0,2-3 SiaLac,200.0,116.0,1.72,0.075,8.667,269.5280950732664,Conserved,Binder,Binder,Binder
5.0,2-3 SiaLac,200.0,116.0,1.72,0.068,7.838,257.8463893850472,Conserved,Binder,Binder,Binder
5.0,2-3 SiaLac,200.0,116.0,1.72,0.074,8.537,224.20053883097106,Conserved,Binder,Binder,Binder
5.0,2-3 SiaLac,200.0,116.0,1.72,0.065,7.493,200.45375683971707,Conserved,Binder,Binder,Binder
5.0,2-3 SiaLac,200.0,116.0,1.72,0.067,7.735,174.53135100193924,Conserved,Binder,Binder,Binder
5.0,2-3 SiaLac,200.0,116.0,1.72,0.062,7.218,177.0573566084788,Conserved,Binder,Binder,Binder
5.0,2-3 SiaLac,300.0,147.0,2.04,0.019,2.725,439.26605504587155,Conserved,Binder,Binder,Binder
5.0,2-3 SiaLac,300.0,147.0,2.04,0.018,2.707,347.247875877355,Conserved,Binder,Binder,Binder
5.0,2-3 SiaLac,300.0,147.0,2.04,0.017,2.534,372.92817679558016,Conserved,Binder,Binder,Binder
5.0,2-3 SiaLac,300.0,147.0,2.04,0.018,2.615,405.736137667304,Conserved,Binder,Binder,Binder
5.0,2-3 SiaLac,300.0,147.0,2.04,0.016,2.346,345.69479965899404,Conserved,Binder,Binder,Binder
5.0,2-3 SiaLac,300.0,147.0,2.04,0.019,2.725,423.48623853211006,Conserved,Binder,Binder,Binder
10.0,2-3 SiaLac,150.0,60.0,2.5,0.052,3.095,425.52504038772213,Conserved,Binder,Binder,Binder
10.0,2-3 SiaLac,150.0,60.0,2.5,0.053,3.161,631.7621006010756,Conserved,Binder,Binder,Binder
10.0,2-3 SiaLac,150.0,60.0,2.5,0.047,2.831,726.9516072059344,Conserved,Binder,Binder,Binder
10.0,2-3 SiaLac,150.0,60.0,2.5,0.048,2.898,469.9792960662526,Conserved,Binder,Binder,Binder
10.0,2-3 SiaLac,150.0,60.0,2.5,0.049,2.911,427.68807969769836,Conserved,Binder,Binder,Binder
10.0,2-3 SiaLac,150.0,60.0,2.5,0.049,2.911,614.9089659910684,Conserved,Binder,Binder,Binder
10.0,2-3 SiaLac,200.0,116.0,1.72,0.092,10.646,220.45838812699603,Conserved,Binder,Binder,Binder
10.0,2-3 SiaLac,200.0,116.0,1.72,0.091,10.508,228.39741149600306,Conserved,Binder,Binder,Binder
10.0,2-3 SiaLac,200.0,116.0,1.72,0.088,10.164,295.0609996064542,Conserved,Binder,Binder,Binder
10.0,2-3 SiaLac,200.0,116.0,1.72,0.086,9.974,282.8353719671145,Conserved,Binder,Binder,Binder
10.0,2-3 SiaLac,200.0,116.0,1.72,0.084,9.75,276.0,Conserved,Binder,Binder,Binder
10.0,2-3 SiaLac,200.0,116.0,1.72,0.084,9.785,263.1578947368421,Conserved,Binder,Binder,Binder
10.0,2-3 SiaLac,300.0,147.0,2.04,0.135,19.84,213.5584677419355,Gained in MDCK,Binder,Binder,Non-binder
10.0,2-3 SiaLac,300.0,147.0,2.04,0.125,18.436,202.80972011282273,Gained in MDCK,Binder,Binder,Non-binder
10.0,2-3 SiaLac,300.0,147.0,2.04,0.132,19.457,183.48152335920233,Gained in MDCK,Binder,Binder,Non-binder
10.0,2-3 SiaLac,300.0,147.0,2.04,0.112,16.488,217.49150897622513,Gained in MDCK,Binder,Binder,Non-binder
10.0,2-3 SiaLac,300.0,147.0,2.04,0.119,17.525,251.46932952924396,Gained in MDCK,Binder,Binder,Non-binder
10.0,2-3 SiaLac,300.0,147.0,2.04,0.143,20.958,196.2973566179979,Gained in MDCK,Binder,Binder,Non-binder
1.0,2-6 SiaLac,150.0,62.0,2.44,0.014,0.864,577.5462962962963,Conserved,Binder,Binder,Binder
1.0,2-6 SiaLac,150.0,62.0,2.44,0.011,0.706,1314.4475920679888,Conserved,Binder,Binder,Binder
1.0,2-6 SiaLac,200.0,110.0,1.82,0.024,2.641,115.86520257478227,Gained in MDCK,Binder,Binder,Non-binder
1.0,2-6 SiaLac,200.0,110.0,1.82,0.022,2.442,52.006552006552006,Others,Non-binder,Binder,Non-binder
1.0,2-6 SiaLac,200.0,110.0,1.82,0.023,2.58,146.89922480620154,Gained in MDCK,Binder,Binder,Non-binder
1.0,2-6 SiaLac,200.0,110.0,1.82,0.023,2.519,174.67248908296943,Gained in MDCK,Binder,Binder,Non-binder
1.0,2-6 SiaLac,200.0,110.0,1.82,0.022,2.473,240.19409623938537,Gained in MDCK,Binder,Binder,Non-binder
1.0,2-6 SiaLac,200.0,110.0,1.82,0.021,2.32,332.7586206896552,Gained in MDCK,Binder,Binder,Non-binder
1.0,2-6 SiaLac,300.0,120.0,2.5,0.011,1.378,199.5645863570392,Gained in MDCK,Binder,Binder,Non-binder
1.0,2-6 SiaLac,300.0,120.0,2.5,0.011,1.344,519.3452380952381,Gained in MDCK,Binder,Binder,Non-binder
1.0,2-6 SiaLac,300.0,120.0,2.5,0.011,1.327,36.17181612660136,Others,Non-binder,Binder,Non-binder
1.0,2-6 SiaLac,300.0,120.0,2.5,0.012,1.471,16.315431679129844,Others,Non-binder,Binder,Non-binder
1.0,2-6 SiaLac,300.0,120.0,2.5,0.011,1.326,14.328808446455504,Others,Non-binder,Binder,Non-binder
5.0,2-6 SiaLac,150.0,62.0,2.44,0.038,2.309,147.24989172802077,Others,Binder,Non-binder,Non-binder
5.0,2-6 SiaLac,150.0,62.0,2.44,0.036,2.228,240.57450628366246,Others,Binder,Non-binder,Non-binder
5.0,2-6 SiaLac,150.0,62.0,2.44,0.036,2.216,187.2743682310469,Others,Binder,Non-binder,Non-binder
5.0,2-6 SiaLac,200.0,110.0,1.82,0.058,6.332,92.7037271004422,Others,Binder,Non-binder,Non-binder
5.0,2-6 SiaLac,200.0,110.0,1.82,0.063,6.876,63.5543920884235,Others,Non-binder,Non-binder,Non-binder
5.0,2-6 SiaLac,200.0,110.0,1.82,0.062,6.805,74.35709037472446,Others,Non-binder,Non-binder,Non-binder
5.0,2-6 SiaLac,200.0,110.0,1.82,0.061,6.662,66.34644250975683,Others,Non-binder,Non-binder,Non-binder
5.0,2-6 SiaLac,200.0,110.0,1.82,0.06,6.647,70.5581465322702,Others,Non-binder,Non-binder,Non-binder
5.0,2-6 SiaLac,200.0,110.0,1.82,0.06,6.647,68.30148939371145,Others,Non-binder,Non-binder,Non-binder
5.0,2-6 SiaLac,300.0,120.0,2.5,0.026,3.164,128.31858407079645,Others,Binder,Non-binder,Non-binder
5.0,2-6 SiaLac,300.0,120.0,2.5,0.026,3.113,82.55701895277868,Others,Non-binder,Non-binder,Non-binder
5.0,2-6 SiaLac,300.0,120.0,2.5,0.027,3.215,35.769828926905134,Others,Non-binder,Non-binder,Non-binder
5.0,2-6 SiaLac,300.0,120.0,2.5,0.027,3.198,43.777360850531586,Others,Non-binder,Non-binder,Non-binder
5.0,2-6 SiaLac,300.0,120.0,2.5,0.026,3.113,67.13780918727915,Others,Non-binder,Non-binder,Non-binder
5.0,2-6 SiaLac,300.0,120.0,2.5,0.026,3.096,68.7984496124031,Others,Non-binder,Non-binder,Non-binder
10.0,2-6 SiaLac,150.0,62.0,2.44,0.038,2.366,179.62806424344885,Others,Binder,Non-binder,Non-binder
10.0,2-6 SiaLac,150.0,62.0,2.44,0.037,2.289,56.3564875491481,Others,Non-binder,Non-binder,Non-binder
10.0,2-6 SiaLac,150.0,62.0,2.44,0.037,2.264,212.0141342756184,Others,Binder,Non-binder,Non-binder
10.0,2-6 SiaLac,150.0,62.0,2.44,0.034,2.084,256.2380038387716,Others,Binder,Non-binder,Non-binder
10.0,2-6 SiaLac,150.0,62.0,2.44,0.027,1.679,412.74568195354374,Others,Binder,Non-binder,Non-binder
10.0,2-6 SiaLac,200.0,110.0,1.82,0.076,8.334,72.23422126229902,Others,Non-binder,Non-binder,Non-binder
10.0,2-6 SiaLac,200.0,110.0,1.82,0.07,7.687,91.32301287888643,Others,Binder,Non-binder,Non-binder
10.0,2-6 SiaLac,200.0,110.0,1.82,0.075,8.22,85.52311435523114,Others,Non-binder,Non-binder,Non-binder
10.0,2-6 SiaLac,200.0,110.0,1.82,0.064,7.027,116.40814003130781,Others,Binder,Non-binder,Non-binder
10.0,2-6 SiaLac,200.0,110.0,1.82,0.072,7.948,118.52038248616003,Others,Binder,Non-binder,Non-binder
10.0,2-6 SiaLac,200.0,110.0,1.82,0.074,8.12,152.58620689655174,Others,Binder,Non-binder,Non-binder
10.0,2-6 SiaLac,300.0,120.0,2.5,0.036,4.359,87.86418903418215,Others,Binder,Non-binder,Non-binder
10.0,2-6 SiaLac,300.0,120.0,2.5,0.034,4.099,96.36496706513783,Others,Binder,Non-binder,Non-binder
10.0,2-6 SiaLac,300.0,120.0,2.5,0.036,4.327,132.19320545412526,Others,Binder,Non-binder,Non-binder
10.0,2-6 SiaLac,300.0,120.0,2.5,0.033,4.002,125.43728135932035,Others,Binder,Non-binder,Non-binder
10.0,2-6 SiaLac,300.0,120.0,2.5,0.033,3.918,165.90096988259316,Others,Binder,Non-binder,Non-binder
10.0,2-6 SiaLac,300.0,120.0,2.5,0.034,4.099,217.61405220785556,Others,Binder,Non-binder,Non-binder
1.0,2-3 SiaLac,150.0,60.0,2.5,0.015,0.898,991.0913140311803,Conserved,Binder,Binder,Binder
1.0,2-3 SiaLac,150.0,60.0,2.5,0.015,0.887,843.2919954904171,Conserved,Binder,Binder,Binder
1.0,2-3 SiaLac,150.0,60.0,2.5,0.016,0.968,1231.404958677686,Conserved,Binder,Binder,Binder
1.0,2-3 SiaLac,150.0,60.0,2.5,0.016,0.934,943.254817987152,Conserved,Binder,Binder,Binder
1.0,2-3 SiaLac,150.0,60.0,2.5,0.015,0.888,970.7207207207207,Conserved,Binder,Binder,Binder
1.0,2-3 SiaLac,200.0,116.0,1.72,0.022,2.593,480.9101426918627,Conserved,Binder,Binder,Binder
1.0,2-3 SiaLac,200.0,116.0,1.72,0.024,2.736,297.5146198830409,Conserved,Binder,Binder,Binder
1.0,2-3 SiaLac,200.0,116.0,1.72,0.022,2.502,418.4652278177458,Conserved,Binder,Binder,Binder
1.0,2-3 SiaLac,200.0,116.0,1.72,0.022,2.563,403.82364416699176,Conserved,Binder,Binder,Binder
1.0,2-3 SiaLac,200.0,116.0,1.72,0.018,2.077,324.02503610977374,Conserved,Binder,Binder,Binder
1.0,2-3 SiaLac,200.0,116.0,1.72,0.022,2.559,226.26025791324736,Conserved,Binder,Binder,Binder
1.0,2-3 SiaLac,300.0,147.0,2.04,0.004,0.654,1922.0183486238532,Conserved,Binder,Binder,Binder
1.0,2-3 SiaLac,300.0,147.0,2.04,0.004,0.623,1460.6741573033707,Conserved,Binder,Binder,Binder
1.0,2-3 SiaLac,300.0,147.0,2.04,0.004,0.591,2289.340101522843,Conserved,Binder,Binder,Binder
1.0,2-3 SiaLac,300.0,147.0,2.04,0.004,0.531,2077.2128060263653,Conserved,Binder,Binder,Binder
1.0,2-3 SiaLac,300.0,147.0,2.04,0.003,0.507,1850.0986193293886,Conserved,Binder,Binder,Binder
1.0,2-3 SiaLac,300.0,147.0,2.04,0.004,0.604,1746.6887417218543,Conserved,Binder,Binder,Binder
5.0,2-3 SiaLac,150.0,60.0,2.5,0.036,2.142,335.66760037348274,Conserved,Binder,Binder,Binder
5.0,2-3 SiaLac,150.0,60.0,2.5,0.037,2.196,480.4189435336976,Conserved,Binder,Binder,Binder
5.0,2-3 SiaLac,150.0,60.0,2.5,0.031,1.888,590.042372881356,Conserved,Binder,Binder,Binder
5.0,2-3 SiaLac,150.0,60.0,2.5,0.037,2.207,524.6941549614862,Conserved,Binder,Binder,Binder
5.0,2-3 SiaLac,150.0,60.0,2.5,0.035,2.075,625.0602409638553,Conserved,Binder,Binder,Binder
5.0,2-3 SiaLac,150.0,60.0,2.5,0.038,2.272,699.3838028169015,Conserved,Binder,Binder,Binder
5.0,2-3 SiaLac,200.0,116.0,1.72,0.048,5.518,264.226168901776,Conserved,Binder,Binder,Binder
5.0,2-3 SiaLac,200.0,116.0,1.72,0.046,5.305,284.8256361922715,Conserved,Binder,Binder,Binder
5.0,2-3 SiaLac,200.0,116.0,1.72,0.044,5.051,239.35854286279942,Conserved,Binder,Binder,Binder
5.0,2-3 SiaLac,200.0,116.0,1.72,0.039,4.563,276.79158448389217,Conserved,Binder,Binder,Binder
5.0,2-3 SiaLac,200.0,116.0,1.72,0.043,5.022,281.3620071684588,Conserved,Binder,Binder,Binder
5.0,2-3 SiaLac,200.0,116.0,1.72,0.042,4.881,314.6896127842655,Conserved,Binder,Binder,Binder
5.0,2-3 SiaLac,300.0,147.0,2.04,0.012,1.73,816.1849710982659,Conserved,Binder,Binder,Binder
5.0,2-3 SiaLac,300.0,147.0,2.04,0.016,2.342,729.7181895815542,Conserved,Binder,Binder,Binder
5.0,2-3 SiaLac,300.0,147.0,2.04,0.014,2.067,672.4721819061441,Conserved,Binder,Binder,Binder
5.0,2-3 SiaLac,300.0,147.0,2.04,0.011,1.656,721.6183574879227,Conserved,Binder,Binder,Binder
5.0,2-3 SiaLac,300.0,147.0,2.04,0.011,1.551,867.1824629271438,Conserved,Binder,Binder,Binder
5.0,2-3 SiaLac,300.0,147.0,2.04,0.011,1.656,925.7246376811595,Conserved,Binder,Binder,Binder
10.0,2-3 SiaLac,150.0,60.0,2.5,0.037,2.248,659.2526690391459,Conserved,Binder,Binder,Binder
10.0,2-3 SiaLac,150.0,60.0,2.5,0.033,1.953,730.6707629288275,Conserved,Binder,Binder,Binder
10.0,2-3 SiaLac,150.0,60.0,2.5,0.039,2.351,863.4623564440664,Conserved,Binder,Binder,Binder
10.0,2-3 SiaLac,150.0,60.0,2.5,0.027,1.628,971.1302211302212,Conserved,Binder,Binder,Binder
10.0,2-3 SiaLac,150.0,60.0,2.5,0.034,2.012,1019.3836978131212,Conserved,Binder,Binder,Binder
10.0,2-3 SiaLac,150.0,60.0,2.5,0.044,2.634,1105.1632498101746,Conserved,Binder,Binder,Binder
10.0,2-3 SiaLac,200.0,116.0,1.72,0.06,6.984,336.9129438717068,Conserved,Binder,Binder,Binder
10.0,2-3 SiaLac,200.0,116.0,1.72,0.059,6.825,397.5091575091575,Conserved,Binder,Binder,Binder
10.0,2-3 SiaLac,200.0,116.0,1.72,0.062,7.21,407.2122052704577,Conserved,Binder,Binder,Binder
10.0,2-3 SiaLac,200.0,116.0,1.72,0.066,7.682,368.3936474876334,Conserved,Binder,Binder,Binder
10.0,2-3 SiaLac,200.0,116.0,1.72,0.066,7.64,387.56544502617805,Conserved,Binder,Binder,Binder
10.0,2-3 SiaLac,200.0,116.0,1.72,0.065,7.583,449.9538441250165,Conserved,Binder,Binder,Binder
10.0,2-3 SiaLac,300.0,147.0,2.04,0.051,7.432,412.54036598493,Gained in MDCK,Binder,Binder,Non-binder
10.0,2-3 SiaLac,300.0,147.0,2.04,0.058,8.592,400.8379888268156,Gained in MDCK,Binder,Binder,Non-binder
10.0,2-3 SiaLac,300.0,147.0,2.04,0.035,5.159,738.3213801124249,Gained in MDCK,Binder,Binder,Non-binder
10.0,2-3 SiaLac,300.0,147.0,2.04,0.06,8.85,395.02824858757066,Gained in MDCK,Binder,Binder,Non-binder
10.0,2-3 SiaLac,300.0,147.0,2.04,0.065,9.557,395.10306581563253,Gained in MDCK,Binder,Binder,Non-binder
10.0,2-3 SiaLac,300.0,147.0,2.04,0.053,7.852,461.4111054508405,Gained in MDCK,Binder,Binder,Non-binder
